total_cases,crime_type_diversity,avg_gravity,age,is_priority,cases_per_year,recidivism_risk
7,6,1.86,31,0,3.5,HIGH
6,4,1.67,23,0,3.0,HIGH
6,5,1.67,34,0,3.0,HIGH
2,2,2.0,48,0,1.0,HIGH
3,3,1.67,32,0,1.5,HIGH
4,3,1.5,29,0,2.0,HIGH
4,4,1.5,31,0,2.0,HIGH
5,3,1.4,28,0,2.5,HIGH
7,6,1.29,25,0,3.5,HIGH
6,3,2.0,31,0,3.0,HIGH
25,4,1.04,40,0,12.5,HIGH
25,3,1.04,19,0,12.5,HIGH
2,2,1.5,27,0,1.0,HIGH
2,2,1.5,43,0,1.0,HIGH
1,1,2.0,34,0,0.5,LOW
1,1,2.0,26,0,0.5,LOW
2,1,2.0,28,0,1.0,HIGH
8,6,1.5,33,0,4.0,HIGH
1,1,2.0,15,0,0.5,LOW
31,5,1.19,37,0,15.5,HIGH
20,6,1.8,18,0,10.0,HIGH
7,7,1.57,28,0,3.5,HIGH
5,5,1.4,32,0,2.5,HIGH
1,1,2.0,20,0,0.5,LOW
9,5,1.89,35,0,4.5,HIGH
3,2,2.0,37,0,1.5,HIGH
2,2,1.5,58,0,1.0,HIGH
6,6,1.67,41,0,3.0,HIGH
6,5,1.67,32,0,3.0,HIGH
32,4,1.94,22,0,16.0,HIGH
7,6,1.29,23,0,3.5,HIGH
5,4,1.6,40,0,2.5,HIGH
10,6,1.7,27,0,5.0,HIGH
8,6,1.38,51,0,4.0,HIGH
10,7,1.6,36,0,5.0,HIGH
4,2,2.0,32,0,2.0,HIGH
11,6,1.45,25,0,5.5,HIGH
7,5,1.57,36,0,3.5,HIGH
2,2,2.0,32,0,1.0,HIGH
2,1,2.0,18,0,1.0,HIGH
6,5,1.83,39,0,3.0,HIGH
9,5,1.89,28,0,4.5,HIGH
7,3,1.57,27,0,3.5,HIGH
7,6,1.29,36,0,3.5,HIGH
2,2,2.0,39,0,1.0,HIGH
1,1,2.0,31,0,0.5,LOW
2,1,2.0,16,0,1.0,HIGH
5,4,1.4,31,0,2.5,HIGH
2,1,2.0,15,0,1.0,HIGH
4,3,2.0,32,0,2.0,HIGH
14,8,1.57,38,0,7.0,HIGH
36,8,1.86,33,0,18.0,HIGH
41,6,1.9,16,0,20.5,HIGH
2,2,1.5,30,0,1.0,HIGH
6,5,1.33,25,0,3.0,HIGH
1,1,1.0,34,0,0.5,LOW
4,2,2.0,41,0,2.0,HIGH
5,4,1.2,44,0,2.5,HIGH
4,2,1.75,15,0,2.0,HIGH
63,9,1.14,26,0,31.5,HIGH
4,3,1.25,18,0,2.0,HIGH
27,2,1.04,33,0,13.5,HIGH
3,3,1.67,26,0,1.5,HIGH
47,5,1.98,15,0,23.5,HIGH
8,5,1.5,37,0,4.0,HIGH
4,3,1.25,31,0,2.0,HIGH
5,4,1.4,32,0,2.5,HIGH
9,5,1.33,31,0,4.5,HIGH
4,3,1.25,49,0,2.0,HIGH
1,1,2.0,31,0,0.5,LOW
5,4,1.8,30,0,2.5,HIGH
5,4,1.4,28,0,2.5,HIGH
6,4,1.33,24,0,3.0,HIGH
8,4,1.88,29,0,4.0,HIGH
4,4,1.5,45,0,2.0,HIGH
6,5,1.5,36,0,3.0,HIGH
34,3,1.09,21,0,17.0,HIGH
8,7,1.38,26,0,4.0,HIGH
2,2,1.5,19,0,1.0,HIGH
5,4,1.6,27,0,2.5,HIGH
6,3,1.5,31,0,3.0,HIGH
4,2,1.75,16,0,2.0,HIGH
31,6,1.94,26,0,15.5,HIGH
2,2,1.5,45,0,1.0,HIGH
1,1,2.0,46,0,0.5,LOW
8,5,1.63,34,0,4.0,HIGH
8,6,1.5,49,0,4.0,HIGH
1,1,1.0,36,0,0.5,LOW
16,7,1.69,27,0,8.0,HIGH
5,5,1.6,20,0,2.5,HIGH
3,2,2.0,43,0,1.5,HIGH
2,2,1.5,34,0,1.0,HIGH
10,6,1.7,29,0,5.0,HIGH
3,3,1.67,29,0,1.5,HIGH
3,3,1.67,15,0,1.5,HIGH
12,8,1.33,42,0,6.0,HIGH
4,4,1.5,39,0,2.0,HIGH
2,2,1.5,32,0,1.0,HIGH
1,1,1.0,15,0,0.5,LOW
28,4,1.93,34,0,14.0,HIGH
5,4,1.6,20,0,2.5,HIGH
4,4,1.75,31,0,2.0,HIGH
6,6,1.67,33,0,3.0,HIGH
3,2,1.67,33,0,1.5,HIGH
3,3,1.67,35,0,1.5,HIGH
28,4,1.89,19,0,14.0,HIGH
4,3,1.5,15,0,2.0,HIGH
4,4,2.0,25,0,2.0,HIGH
6,5,1.33,32,0,3.0,HIGH
3,2,1.0,26,0,1.5,HIGH
2,2,1.5,28,0,1.0,HIGH
27,4,1.93,42,0,13.5,HIGH
1,1,2.0,30,0,0.5,LOW
3,3,2.0,53,0,1.5,HIGH
9,5,1.78,32,0,4.5,HIGH
13,6,1.46,38,0,6.5,HIGH
18,10,1.44,27,0,9.0,HIGH
10,6,1.7,25,0,5.0,HIGH
9,5,1.78,36,0,4.5,HIGH
12,7,1.42,38,0,6.0,HIGH
5,4,1.4,23,0,2.5,HIGH
16,4,2.0,28,0,8.0,HIGH
3,2,1.0,24,0,1.5,HIGH
2,2,1.5,53,0,1.0,HIGH
5,5,1.6,31,0,2.5,HIGH
7,5,1.14,21,0,3.5,HIGH
9,7,1.67,19,0,4.5,HIGH
3,3,1.33,50,0,1.5,HIGH
7,4,1.71,28,0,3.5,HIGH
7,6,1.57,30,0,3.5,HIGH
2,2,1.5,39,0,1.0,HIGH
4,2,1.75,19,0,2.0,HIGH
19,5,1.21,63,0,9.5,HIGH
3,3,1.33,34,0,1.5,HIGH
4,4,1.75,27,0,2.0,HIGH
1,1,2.0,29,0,0.5,LOW
4,4,1.5,35,0,2.0,HIGH
5,4,1.8,38,0,2.5,HIGH
36,4,1.06,16,0,18.0,HIGH
10,6,1.1,24,0,5.0,HIGH
32,4,1.19,30,0,16.0,HIGH
1,1,2.0,27,0,0.5,LOW
6,5,1.5,32,0,3.0,HIGH
6,5,1.67,28,0,3.0,HIGH
7,5,1.43,52,0,3.5,HIGH
5,3,2.0,29,0,2.5,HIGH
2,2,1.5,44,0,1.0,HIGH
2,1,2.0,16,0,1.0,HIGH
3,3,1.33,25,0,1.5,HIGH
6,3,1.83,28,0,3.0,HIGH
11,7,1.73,34,0,5.5,HIGH
5,4,1.0,46,0,2.5,HIGH
6,6,1.5,25,0,3.0,HIGH
2,2,1.5,25,0,1.0,HIGH
3,3,1.67,17,0,1.5,HIGH
11,7,1.55,44,0,5.5,HIGH
9,8,1.44,16,0,4.5,HIGH
10,5,1.9,34,0,5.0,HIGH
7,4,1.86,40,0,3.5,HIGH
5,4,1.2,28,0,2.5,HIGH
11,6,1.73,19,0,5.5,HIGH
3,3,1.33,33,0,1.5,HIGH
2,2,2.0,35,0,1.0,HIGH
2,2,1.5,22,0,1.0,HIGH
4,2,2.0,44,0,2.0,HIGH
2,2,1.5,15,0,1.0,HIGH
5,4,1.8,55,0,2.5,HIGH
7,5,1.86,35,0,3.5,HIGH
6,4,1.83,47,0,3.0,HIGH
3,2,2.0,31,0,1.5,HIGH
3,2,1.67,19,0,1.5,HIGH
2,2,1.5,39,0,1.0,HIGH
3,3,1.67,32,0,1.5,HIGH
8,5,2.0,25,0,4.0,HIGH
2,2,2.0,33,0,1.0,HIGH
45,7,1.91,53,0,22.5,HIGH
4,3,1.25,34,0,2.0,HIGH
5,3,1.4,27,0,2.5,HIGH
2,2,2.0,34,0,1.0,HIGH
10,8,1.7,34,0,5.0,HIGH
31,3,1.97,28,0,15.5,HIGH
4,4,1.0,15,0,2.0,HIGH
6,6,1.5,52,0,3.0,HIGH
8,6,1.5,28,0,4.0,HIGH
3,3,1.33,50,0,1.5,HIGH
26,5,1.15,31,0,13.0,HIGH
64,6,1.97,17,0,32.0,HIGH
8,5,1.5,34,0,4.0,HIGH
12,8,1.67,35,0,6.0,HIGH
12,7,1.58,32,0,6.0,HIGH
9,6,1.44,25,0,4.5,HIGH
2,2,1.5,31,0,1.0,HIGH
9,4,1.67,24,0,4.5,HIGH
3,3,1.67,22,0,1.5,HIGH
27,7,1.85,20,0,13.5,HIGH
5,2,2.0,32,0,2.5,HIGH
4,3,1.5,30,0,2.0,HIGH
5,3,2.0,28,0,2.5,HIGH
2,2,1.5,23,0,1.0,HIGH
7,5,1.57,26,0,3.5,HIGH
3,1,1.0,32,0,1.5,HIGH
38,4,1.21,17,0,19.0,HIGH
8,7,1.63,32,0,4.0,HIGH
32,4,1.09,33,0,16.0,HIGH
29,6,1.9,28,0,14.5,HIGH
3,3,1.33,35,0,1.5,HIGH
1,1,2.0,27,0,0.5,LOW
12,8,1.58,26,0,6.0,HIGH
5,4,1.4,30,0,2.5,HIGH
4,3,1.75,18,0,2.0,HIGH
11,7,1.55,20,0,5.5,HIGH
2,2,2.0,39,0,1.0,HIGH
2,2,2.0,57,0,1.0,HIGH
2,2,1.0,29,0,1.0,LOW
5,4,1.6,29,0,2.5,HIGH
9,5,1.56,29,0,4.5,HIGH
2,2,1.5,15,0,1.0,HIGH
7,4,1.86,25,0,3.5,HIGH
5,4,1.6,21,0,2.5,HIGH
50,4,2.0,24,0,25.0,HIGH
4,3,1.75,15,0,2.0,HIGH
4,4,1.5,29,0,2.0,HIGH
7,6,1.57,46,0,3.5,HIGH
2,2,1.5,34,0,1.0,HIGH
2,2,2.0,34,0,1.0,HIGH
6,5,1.5,26,0,3.0,HIGH
37,4,1.95,33,0,18.5,HIGH
8,5,1.75,31,0,4.0,HIGH
1,1,1.0,43,0,0.5,LOW
8,6,1.63,40,0,4.0,HIGH
5,5,1.6,44,0,2.5,HIGH
4,3,1.75,51,0,2.0,HIGH
3,3,1.67,25,0,1.5,HIGH
5,5,1.6,33,0,2.5,HIGH
4,3,1.25,33,0,2.0,HIGH
11,5,1.73,29,0,5.5,HIGH
7,6,1.29,36,0,3.5,HIGH
42,7,1.93,33,0,21.0,HIGH
1,1,2.0,30,0,0.5,LOW
9,6,1.67,26,0,4.5,HIGH
8,6,1.63,24,0,4.0,HIGH
24,1,2.0,15,0,12.0,HIGH
1,1,1.0,18,0,0.5,LOW
7,4,1.71,28,0,3.5,HIGH
7,4,1.71,28,0,3.5,HIGH
7,6,1.29,30,0,3.5,HIGH
8,6,1.88,34,0,4.0,HIGH
10,6,1.7,24,0,5.0,HIGH
3,3,1.0,39,0,1.5,HIGH
5,3,1.4,17,0,2.5,HIGH
1,1,1.0,29,0,0.5,LOW
5,4,1.8,25,0,2.5,HIGH
5,5,1.6,15,0,2.5,HIGH
2,2,1.5,17,0,1.0,HIGH
6,5,1.67,40,0,3.0,HIGH
1,1,1.0,29,0,0.5,LOW
8,7,1.38,40,0,4.0,HIGH
46,9,1.17,26,0,23.0,HIGH
5,4,1.6,32,0,2.5,HIGH
11,8,1.73,27,0,5.5,HIGH
25,3,2.0,22,0,12.5,HIGH
11,6,1.64,28,0,5.5,HIGH
3,3,1.67,41,0,1.5,HIGH
8,5,1.38,26,0,4.0,HIGH
6,4,1.83,45,0,3.0,HIGH
2,1,1.0,53,0,1.0,LOW
6,5,1.33,25,0,3.0,HIGH
3,3,1.33,16,0,1.5,HIGH
7,5,1.57,37,0,3.5,HIGH
4,3,1.5,35,0,2.0,HIGH
4,3,1.25,35,0,2.0,HIGH
7,5,1.57,33,0,3.5,HIGH
4,4,2.0,55,0,2.0,HIGH
3,3,1.67,21,0,1.5,HIGH
18,7,1.72,39,0,9.0,HIGH
21,4,1.14,40,0,10.5,HIGH
5,3,2.0,23,0,2.5,HIGH
1,1,1.0,19,0,0.5,LOW
31,5,1.03,18,0,15.5,HIGH
9,6,1.67,57,0,4.5,HIGH
3,3,1.33,26,0,1.5,HIGH
1,1,1.0,43,0,0.5,LOW
3,3,1.33,32,0,1.5,HIGH
13,6,1.77,26,0,6.5,HIGH
5,4,1.8,30,0,2.5,HIGH
4,2,1.75,32,0,2.0,HIGH
6,5,1.5,37,0,3.0,HIGH
20,1,1.0,31,0,10.0,HIGH
9,6,1.67,31,0,4.5,HIGH
4,4,1.5,37,0,2.0,HIGH
3,3,1.33,37,0,1.5,HIGH
10,8,1.5,24,0,5.0,HIGH
3,3,1.67,17,0,1.5,HIGH
4,3,2.0,19,0,2.0,HIGH
5,4,1.4,41,0,2.5,HIGH
1,1,1.0,29,0,0.5,LOW
2,2,1.5,48,0,1.0,HIGH
7,3,1.86,37,0,3.5,HIGH
22,3,2.0,35,0,11.0,HIGH
6,4,1.5,52,0,3.0,HIGH
1,1,2.0,33,0,0.5,LOW
4,4,1.5,25,0,2.0,HIGH
6,4,1.33,26,0,3.0,HIGH
5,4,1.8,38,0,2.5,HIGH
6,5,1.67,15,0,3.0,HIGH
4,4,1.5,34,0,2.0,HIGH
7,7,1.71,33,0,3.5,HIGH
4,4,1.75,27,0,2.0,HIGH
5,4,1.4,38,0,2.5,HIGH
3,3,1.67,38,0,1.5,HIGH
5,4,1.6,40,0,2.5,HIGH
2,2,1.5,29,0,1.0,HIGH
25,4,1.92,38,0,12.5,HIGH
3,3,1.67,33,0,1.5,HIGH
3,3,2.0,35,0,1.5,HIGH
1,1,2.0,37,0,0.5,LOW
10,7,1.6,42,0,5.0,HIGH
5,4,1.4,15,0,2.5,HIGH
41,5,1.93,28,0,20.5,HIGH
1,1,2.0,32,0,0.5,LOW
11,8,1.55,30,0,5.5,HIGH
3,3,1.33,33,0,1.5,HIGH
41,6,1.9,27,0,20.5,HIGH
11,7,1.73,25,0,5.5,HIGH
4,4,1.5,15,0,2.0,HIGH
5,5,2.0,18,0,2.5,HIGH
7,5,1.29,22,0,3.5,HIGH
25,4,1.96,40,0,12.5,HIGH
7,5,1.43,24,0,3.5,HIGH
5,5,1.4,37,0,2.5,HIGH
42,6,1.9,29,0,21.0,HIGH
3,3,1.67,38,0,1.5,HIGH
2,2,1.5,33,0,1.0,HIGH
2,2,1.0,23,0,1.0,LOW
3,3,1.33,15,0,1.5,HIGH
11,6,1.27,22,0,5.5,HIGH
5,3,1.8,15,0,2.5,HIGH
2,2,1.5,32,0,1.0,HIGH
1,1,1.0,29,0,0.5,LOW
9,5,1.44,40,0,4.5,HIGH
4,3,1.25,35,0,2.0,HIGH
2,1,2.0,49,0,1.0,HIGH
7,5,1.57,39,0,3.5,HIGH
8,4,1.88,22,0,4.0,HIGH
37,5,1.97,40,0,18.5,HIGH
8,4,1.63,24,0,4.0,HIGH
4,4,1.5,15,0,2.0,HIGH
1,1,1.0,35,0,0.5,LOW
20,6,1.85,31,0,10.0,HIGH
8,5,1.75,34,0,4.0,HIGH
6,5,1.5,36,0,3.0,HIGH
11,7,1.55,24,0,5.5,HIGH
4,3,1.75,46,0,2.0,HIGH
11,6,1.45,37,0,5.5,HIGH
4,4,1.5,37,0,2.0,HIGH
68,9,1.5,33,0,34.0,HIGH
5,4,1.2,22,0,2.5,HIGH
5,4,1.4,33,0,2.5,HIGH
4,4,1.25,19,0,2.0,HIGH
4,4,1.0,15,0,2.0,HIGH
6,5,1.17,19,0,3.0,HIGH
9,6,1.22,23,0,4.5,HIGH
2,2,2.0,17,0,1.0,HIGH
4,4,1.25,30,0,2.0,HIGH
29,3,1.86,34,0,14.5,HIGH
33,6,1.09,46,0,16.5,HIGH
7,6,1.57,48,0,3.5,HIGH
6,4,1.17,36,0,3.0,HIGH
6,5,1.67,28,0,3.0,HIGH
1,1,2.0,35,0,0.5,LOW
4,3,1.25,22,0,2.0,HIGH
42,9,1.86,34,0,21.0,HIGH
7,6,1.57,26,0,3.5,HIGH
2,2,1.5,33,0,1.0,HIGH
5,4,1.8,27,0,2.5,HIGH
26,7,1.88,22,0,13.0,HIGH
4,3,1.5,38,0,2.0,HIGH
2,2,2.0,15,0,1.0,HIGH
2,2,1.5,15,0,1.0,HIGH
9,6,1.56,32,0,4.5,HIGH
5,4,1.2,46,0,2.5,HIGH
4,4,1.25,40,0,2.0,HIGH
9,6,1.33,30,0,4.5,HIGH
13,8,1.46,35,0,6.5,HIGH
3,3,1.33,32,0,1.5,HIGH
55,5,1.91,22,0,27.5,HIGH
2,2,1.5,28,0,1.0,HIGH
8,7,1.63,35,0,4.0,HIGH
7,4,1.86,23,0,3.5,HIGH
19,8,1.47,26,0,9.5,HIGH
10,7,1.4,46,0,5.0,HIGH
8,4,1.88,31,0,4.0,HIGH
3,2,1.67,15,0,1.5,HIGH
6,3,2.0,31,0,3.0,HIGH
2,2,2.0,41,0,1.0,HIGH
2,2,2.0,28,0,1.0,HIGH
9,5,1.78,28,0,4.5,HIGH
2,1,2.0,34,0,1.0,HIGH
14,7,1.5,28,0,7.0,HIGH
7,5,1.43,28,0,3.5,HIGH
9,6,1.44,28,0,4.5,HIGH
2,2,1.5,21,0,1.0,HIGH
1,1,2.0,43,0,0.5,LOW
1,1,1.0,22,0,0.5,LOW
2,2,2.0,26,0,1.0,HIGH
3,3,2.0,39,0,1.5,HIGH
1,1,2.0,22,0,0.5,LOW
4,3,1.5,35,0,2.0,HIGH
5,5,1.6,40,0,2.5,HIGH
3,3,2.0,44,0,1.5,HIGH
1,1,1.0,28,0,0.5,LOW
10,6,1.7,26,0,5.0,HIGH
6,3,1.83,33,0,3.0,HIGH
4,4,1.5,22,0,2.0,HIGH
8,5,1.5,37,0,4.0,HIGH
5,5,1.8,40,0,2.5,HIGH
1,1,2.0,34,0,0.5,LOW
3,3,1.67,43,0,1.5,HIGH
3,3,1.33,45,0,1.5,HIGH
4,4,1.75,26,0,2.0,HIGH
39,7,1.15,17,0,19.5,HIGH
36,6,1.22,37,0,18.0,HIGH
3,2,2.0,45,0,1.5,HIGH
1,1,1.0,39,0,0.5,LOW
8,6,1.63,28,0,4.0,HIGH
5,4,1.6,34,0,2.5,HIGH
4,3,1.5,21,0,2.0,HIGH
10,7,1.4,31,0,5.0,HIGH
32,8,1.88,39,0,16.0,HIGH
3,3,1.33,32,0,1.5,HIGH
4,4,1.5,27,0,2.0,HIGH
6,3,1.67,50,0,3.0,HIGH
2,2,1.5,40,0,1.0,HIGH
26,5,1.96,38,0,13.0,HIGH
11,7,1.64,40,0,5.5,HIGH
1,1,1.0,35,0,0.5,LOW
2,2,1.5,34,0,1.0,HIGH
2,2,1.0,31,0,1.0,LOW
6,5,1.5,42,0,3.0,HIGH
5,5,1.4,49,0,2.5,HIGH
13,6,1.77,42,0,6.5,HIGH
13,6,1.77,31,0,6.5,HIGH
1,1,1.0,35,0,0.5,LOW
45,5,1.89,40,0,22.5,HIGH
4,4,1.5,35,0,2.0,HIGH
5,3,1.6,19,0,2.5,HIGH
4,3,1.0,19,0,2.0,HIGH
5,5,1.4,15,0,2.5,HIGH
3,2,1.67,42,0,1.5,HIGH
21,8,1.71,35,0,10.5,HIGH
2,1,1.0,15,0,1.0,LOW
6,4,1.67,20,0,3.0,HIGH
4,3,1.75,21,0,2.0,HIGH
4,4,1.75,29,0,2.0,HIGH
4,3,2.0,15,0,2.0,HIGH
6,3,1.83,23,0,3.0,HIGH
3,2,2.0,40,0,1.5,HIGH
5,5,1.6,31,0,2.5,HIGH
5,4,1.8,30,0,2.5,HIGH
2,2,1.0,24,0,1.0,LOW
6,5,1.67,21,0,3.0,HIGH
8,3,2.0,34,0,4.0,HIGH
6,4,1.67,30,0,3.0,HIGH
1,1,2.0,20,0,0.5,LOW
1,1,2.0,15,0,0.5,LOW
8,6,1.75,20,0,4.0,HIGH
4,3,1.5,33,0,2.0,HIGH
6,5,1.83,40,0,3.0,HIGH
7,5,1.57,32,0,3.5,HIGH
6,6,1.67,46,0,3.0,HIGH
3,2,1.67,44,0,1.5,HIGH
4,4,1.5,52,0,2.0,HIGH
4,3,1.75,34,0,2.0,HIGH
5,4,1.4,33,0,2.5,HIGH
8,5,1.75,21,0,4.0,HIGH
2,2,2.0,34,0,1.0,HIGH
5,3,2.0,33,0,2.5,HIGH
3,3,1.67,47,0,1.5,HIGH
33,4,1.97,17,0,16.5,HIGH
7,5,1.29,42,0,3.5,HIGH
6,6,1.5,34,0,3.0,HIGH
2,2,1.5,42,0,1.0,HIGH
2,2,1.0,36,0,1.0,LOW
2,2,1.5,38,0,1.0,HIGH
8,5,1.75,26,0,4.0,HIGH
12,7,1.58,22,0,6.0,HIGH
27,7,1.78,28,0,13.5,HIGH
44,6,1.05,46,0,22.0,HIGH
2,2,1.5,16,0,1.0,HIGH
3,2,1.67,38,0,1.5,HIGH
10,8,1.7,39,0,5.0,HIGH
12,9,1.5,33,0,6.0,HIGH
6,5,1.5,27,0,3.0,HIGH
3,2,1.33,26,0,1.5,HIGH
12,8,1.75,46,0,6.0,HIGH
2,2,1.0,21,0,1.0,LOW
3,3,1.67,21,0,1.5,HIGH
11,7,1.55,44,0,5.5,HIGH
3,2,2.0,23,0,1.5,HIGH
55,9,1.89,23,0,27.5,HIGH
4,4,1.25,15,0,2.0,HIGH
8,7,1.25,17,0,4.0,HIGH
5,4,1.6,28,0,2.5,HIGH
5,4,1.6,29,0,2.5,HIGH
9,6,1.78,27,0,4.5,HIGH
2,2,1.5,27,0,1.0,HIGH
24,2,1.0,18,0,12.0,HIGH
60,6,1.08,16,0,30.0,HIGH
7,4,1.71,25,0,3.5,HIGH
8,5,1.63,36,0,4.0,HIGH
8,7,1.5,33,0,4.0,HIGH
72,9,1.88,54,0,36.0,HIGH
8,8,1.38,18,0,4.0,HIGH
7,5,1.86,41,0,3.5,HIGH
1,1,2.0,25,0,0.5,LOW
4,4,1.25,15,0,2.0,HIGH
4,4,1.5,32,0,2.0,HIGH
5,5,1.6,41,0,2.5,HIGH
7,6,1.57,47,0,3.5,HIGH
5,4,1.8,26,0,2.5,HIGH
11,7,1.64,36,0,5.5,HIGH
7,6,1.71,42,0,3.5,HIGH
1,1,2.0,35,0,0.5,LOW
4,3,1.75,39,0,2.0,HIGH
33,3,1.97,43,0,16.5,HIGH
1,1,1.0,35,0,0.5,LOW
10,6,1.7,20,0,5.0,HIGH
4,2,1.0,33,0,2.0,HIGH
7,5,1.57,21,0,3.5,HIGH
14,11,1.64,40,0,7.0,HIGH
3,3,1.0,38,0,1.5,HIGH
3,3,1.67,37,0,1.5,HIGH
2,2,1.5,42,0,1.0,HIGH
10,6,1.8,31,0,5.0,HIGH
8,6,1.38,46,0,4.0,HIGH
3,3,1.33,38,0,1.5,HIGH
16,9,1.63,34,0,8.0,HIGH
22,4,1.95,43,0,11.0,HIGH
3,3,1.33,36,0,1.5,HIGH
2,2,2.0,51,0,1.0,HIGH
2,2,2.0,35,0,1.0,HIGH
2,2,1.5,21,0,1.0,HIGH
9,8,1.67,26,0,4.5,HIGH
4,4,1.25,15,0,2.0,HIGH
6,5,1.33,26,0,3.0,HIGH
6,5,1.33,50,0,3.0,HIGH
4,4,1.0,49,0,2.0,HIGH
10,5,1.8,37,0,5.0,HIGH
3,3,1.67,15,0,1.5,HIGH
5,4,1.4,33,0,2.5,HIGH
4,4,1.75,35,0,2.0,HIGH
28,3,1.96,18,0,14.0,HIGH
35,6,1.94,26,0,17.5,HIGH
1,1,2.0,15,0,0.5,LOW
2,2,1.5,15,0,1.0,HIGH
3,3,1.67,23,0,1.5,HIGH
2,2,1.5,15,0,1.0,HIGH
6,5,1.33,51,0,3.0,HIGH
6,4,1.67,43,0,3.0,HIGH
2,2,1.5,24,0,1.0,HIGH
9,4,1.67,21,0,4.5,HIGH
6,4,1.5,29,0,3.0,HIGH
36,6,1.17,24,0,18.0,HIGH
1,1,1.0,15,0,0.5,LOW
3,3,1.33,41,0,1.5,HIGH
22,4,2.0,28,0,11.0,HIGH
2,2,2.0,45,0,1.0,HIGH
13,6,1.54,24,0,6.5,HIGH
3,3,1.67,19,0,1.5,HIGH
7,6,1.43,26,0,3.5,HIGH
4,4,1.25,38,0,2.0,HIGH
25,4,1.92,37,0,12.5,HIGH
7,4,2.0,29,0,3.5,HIGH
4,3,1.75,24,0,2.0,HIGH
13,7,1.46,34,0,6.5,HIGH
3,2,1.33,28,0,1.5,HIGH
11,6,1.55,34,0,5.5,HIGH
5,5,1.4,37,0,2.5,HIGH
7,5,1.43,28,0,3.5,HIGH
9,7,1.56,26,0,4.5,HIGH
6,5,1.5,37,0,3.0,HIGH
4,2,2.0,25,0,2.0,HIGH
12,8,1.67,29,0,6.0,HIGH
11,6,1.73,26,0,5.5,HIGH
3,3,1.33,52,0,1.5,HIGH
2,2,1.5,30,0,1.0,HIGH
6,5,1.67,15,0,3.0,HIGH
2,2,1.5,30,0,1.0,HIGH
33,4,1.97,37,0,16.5,HIGH
10,5,1.4,35,0,5.0,HIGH
3,3,1.67,42,0,1.5,HIGH
3,3,1.67,28,0,1.5,HIGH
6,3,1.5,43,0,3.0,HIGH
2,2,2.0,37,0,1.0,HIGH
9,6,1.78,35,0,4.5,HIGH
3,3,1.33,24,0,1.5,HIGH
2,2,1.5,44,0,1.0,HIGH
14,9,1.36,30,0,7.0,HIGH
40,7,1.88,27,0,20.0,HIGH
32,6,1.91,37,0,16.0,HIGH
2,2,2.0,15,0,1.0,HIGH
8,6,1.38,24,0,4.0,HIGH
9,6,1.56,43,0,4.5,HIGH
5,4,1.6,38,0,2.5,HIGH
6,4,1.33,33,0,3.0,HIGH
6,4,1.33,30,0,3.0,HIGH
4,4,1.5,28,0,2.0,HIGH
12,7,1.58,33,0,6.0,HIGH
19,9,1.53,22,0,9.5,HIGH
4,4,1.75,42,0,2.0,HIGH
11,8,1.55,27,0,5.5,HIGH
4,3,1.5,38,0,2.0,HIGH
3,3,1.67,28,0,1.5,HIGH
2,2,2.0,36,0,1.0,HIGH
8,6,1.75,23,0,4.0,HIGH
26,3,1.96,28,0,13.0,HIGH
18,10,1.44,25,0,9.0,HIGH
6,6,1.67,45,0,3.0,HIGH
6,4,1.83,23,0,3.0,HIGH
10,7,1.6,19,0,5.0,HIGH
6,5,1.83,43,0,3.0,HIGH
3,3,1.67,47,0,1.5,HIGH
4,4,1.25,44,0,2.0,HIGH
3,3,1.67,30,0,1.5,HIGH
4,2,2.0,33,0,2.0,HIGH
6,6,1.33,27,0,3.0,HIGH
15,9,1.27,48,0,7.5,HIGH
5,4,1.6,37,0,2.5,HIGH
9,7,1.44,26,0,4.5,HIGH
6,5,1.67,19,0,3.0,HIGH
4,3,1.0,39,0,2.0,HIGH
2,1,1.0,15,0,1.0,LOW
1,1,1.0,15,0,0.5,LOW
4,4,1.5,25,0,2.0,HIGH
5,4,1.4,36,0,2.5,HIGH
5,5,1.6,47,0,2.5,HIGH
5,4,1.4,29,0,2.5,HIGH
2,2,1.5,27,0,1.0,HIGH
6,4,1.33,26,0,3.0,HIGH
6,5,1.5,30,0,3.0,HIGH
31,10,1.26,31,0,15.5,HIGH
52,8,1.1,43,0,26.0,HIGH
5,3,1.4,18,0,2.5,HIGH
3,3,1.33,32,0,1.5,HIGH
8,6,1.88,34,0,4.0,HIGH
3,2,1.67,29,0,1.5,HIGH
3,3,1.67,15,0,1.5,HIGH
10,7,1.3,24,0,5.0,HIGH
11,7,1.55,32,0,5.5,HIGH
10,8,1.4,33,0,5.0,HIGH
2,1,2.0,36,0,1.0,HIGH
4,4,1.75,41,0,2.0,HIGH
7,6,1.57,21,0,3.5,HIGH
2,2,1.5,27,0,1.0,HIGH
3,3,1.67,40,0,1.5,HIGH
8,6,1.5,38,0,4.0,HIGH
3,3,1.67,19,0,1.5,HIGH
8,6,1.63,44,0,4.0,HIGH
6,6,1.67,30,0,3.0,HIGH
10,8,1.4,24,0,5.0,HIGH
1,1,2.0,24,0,0.5,LOW
4,4,1.75,34,0,2.0,HIGH
5,4,1.6,31,0,2.5,HIGH
50,3,1.04,30,0,25.0,HIGH
6,3,1.83,23,0,3.0,HIGH
9,8,1.56,26,0,4.5,HIGH
5,3,1.8,40,0,2.5,HIGH
20,8,1.65,33,0,10.0,HIGH
2,2,1.0,39,0,1.0,LOW
19,2,1.95,51,0,9.5,HIGH
10,7,1.7,24,0,5.0,HIGH
6,4,1.83,46,0,3.0,HIGH
2,2,1.5,36,0,1.0,HIGH
5,3,2.0,37,0,2.5,HIGH
19,8,1.74,33,0,9.5,HIGH
6,4,1.67,28,0,3.0,HIGH
4,4,1.5,17,0,2.0,HIGH
3,3,1.67,41,0,1.5,HIGH
6,6,1.5,29,0,3.0,HIGH
6,3,1.33,28,0,3.0,HIGH
32,7,1.91,25,0,16.0,HIGH
5,5,1.6,44,0,2.5,HIGH
2,2,2.0,36,0,1.0,HIGH
16,9,1.5,18,0,8.0,HIGH
6,4,1.33,37,0,3.0,HIGH
11,7,1.36,31,0,5.5,HIGH
3,2,1.67,40,0,1.5,HIGH
1,1,2.0,17,0,0.5,LOW
9,5,1.67,54,0,4.5,HIGH
14,7,1.64,47,0,7.0,HIGH
5,4,1.6,15,0,2.5,HIGH
2,1,2.0,48,0,1.0,HIGH
2,2,1.0,30,0,1.0,LOW
7,5,1.57,25,0,3.5,HIGH
7,5,1.57,27,0,3.5,HIGH
2,2,1.5,43,0,1.0,HIGH
9,7,1.56,31,0,4.5,HIGH
4,4,1.75,28,0,2.0,HIGH
9,5,1.89,20,0,4.5,HIGH
67,10,1.64,28,0,33.5,HIGH
8,7,1.38,20,0,4.0,HIGH
2,2,2.0,40,0,1.0,HIGH
8,6,1.5,31,0,4.0,HIGH
7,5,1.86,15,0,3.5,HIGH
2,2,2.0,28,0,1.0,HIGH
4,4,1.75,25,0,2.0,HIGH
1,1,2.0,15,0,0.5,LOW
2,2,2.0,27,0,1.0,HIGH
3,2,1.67,35,0,1.5,HIGH
8,6,1.5,33,0,4.0,HIGH
9,5,1.67,54,0,4.5,HIGH
7,4,1.71,21,0,3.5,HIGH
1,1,1.0,27,0,0.5,LOW
15,11,1.8,30,0,7.5,HIGH
2,2,1.5,35,0,1.0,HIGH
20,4,1.95,40,0,10.0,HIGH
1,1,2.0,34,0,0.5,LOW
7,5,1.86,29,0,3.5,HIGH
5,3,1.8,26,0,2.5,HIGH
44,5,1.93,50,0,22.0,HIGH
3,3,1.33,32,0,1.5,HIGH
9,7,1.44,30,0,4.5,HIGH
6,5,1.67,31,0,3.0,HIGH
6,6,1.33,27,0,3.0,HIGH
5,5,1.4,38,0,2.5,HIGH
5,3,1.8,29,0,2.5,HIGH
4,3,1.5,21,0,2.0,HIGH
3,3,1.67,35,0,1.5,HIGH
6,5,1.67,43,0,3.0,HIGH
4,4,1.75,45,0,2.0,HIGH
6,5,1.83,35,0,3.0,HIGH
11,9,1.64,45,0,5.5,HIGH
13,8,1.54,36,0,6.5,HIGH
7,5,1.38,39,0,3.5,HIGH
1,1,2.0,24,0,0.5,LOW
9,7,1.56,45,0,4.5,HIGH
39,7,1.85,44,0,19.5,HIGH
3,3,2.0,15,0,1.5,HIGH
3,2,1.33,51,0,1.5,HIGH
6,3,1.67,21,0,3.0,HIGH
1,1,1.0,40,0,0.5,LOW
23,4,1.96,35,0,11.5,HIGH
15,8,1.67,31,0,7.5,HIGH
11,7,1.55,26,0,5.5,HIGH
6,6,1.67,26,0,3.0,HIGH
14,9,1.43,31,0,7.0,HIGH
2,2,2.0,28,0,1.0,HIGH
27,2,1.0,38,0,13.5,HIGH
19,5,1.84,40,0,9.5,HIGH
2,2,2.0,30,0,1.0,HIGH
8,5,1.75,37,0,4.0,HIGH
22,2,1.09,19,0,11.0,HIGH
18,8,1.56,32,0,9.0,HIGH
9,5,1.44,42,0,4.5,HIGH
5,4,1.4,20,0,2.5,HIGH
52,6,1.92,40,0,26.0,HIGH
4,2,1.75,20,0,2.0,HIGH
1,1,2.0,33,0,0.5,LOW
10,7,1.6,32,0,5.0,HIGH
26,5,1.92,34,0,13.0,HIGH
5,4,1.6,30,0,2.5,HIGH
3,3,1.67,43,0,1.5,HIGH
7,4,1.86,31,0,3.5,HIGH
3,3,1.67,39,0,1.5,HIGH
1,1,1.0,28,0,0.5,LOW
3,3,1.0,35,0,1.5,HIGH
2,2,2.0,21,0,1.0,HIGH
13,7,1.23,46,0,6.5,HIGH
7,3,1.86,34,0,3.5,HIGH
6,5,1.17,15,0,3.0,HIGH
12,6,1.5,30,0,6.0,HIGH
9,3,1.78,25,0,4.5,HIGH
5,4,1.4,27,0,2.5,HIGH
14,4,1.79,26,0,7.0,HIGH
4,4,1.75,32,0,2.0,HIGH
5,4,1.6,45,0,2.5,HIGH
2,2,1.5,33,0,1.0,HIGH
3,3,1.67,53,0,1.5,HIGH
6,5,1.67,34,0,3.0,HIGH
1,1,2.0,36,0,0.5,LOW
1,1,2.0,37,0,0.5,LOW
4,4,1.0,32,0,2.0,HIGH
28,5,1.86,29,0,14.0,HIGH
4,4,1.25,41,0,2.0,HIGH
1,1,2.0,58,0,0.5,LOW
7,5,1.43,35,0,3.5,HIGH
2,2,1.0,42,0,1.0,LOW
8,5,1.13,31,0,4.0,HIGH
2,2,2.0,39,0,1.0,HIGH
10,5,1.5,39,0,5.0,HIGH
2,2,2.0,37,0,1.0,HIGH
3,3,2.0,34,0,1.5,HIGH
2,2,2.0,22,0,1.0,HIGH
21,5,1.9,34,0,10.5,HIGH
2,2,1.0,40,0,1.0,LOW
3,3,1.33,30,0,1.5,HIGH
9,6,1.56,24,0,4.5,HIGH
3,3,1.33,33,0,1.5,HIGH
5,3,1.2,41,0,2.5,HIGH
3,3,1.33,40,0,1.5,HIGH
5,5,1.2,23,0,2.5,HIGH
4,3,1.75,48,0,2.0,HIGH
4,4,2.0,31,0,2.0,HIGH
5,4,1.6,42,0,2.5,HIGH
4,3,1.75,38,0,2.0,HIGH
3,3,1.67,15,0,1.5,HIGH
8,5,1.75,24,0,4.0,HIGH
13,6,1.62,37,0,6.5,HIGH
9,5,1.89,22,0,4.5,HIGH
2,2,1.5,27,0,1.0,HIGH
26,7,1.15,38,0,13.0,HIGH
8,5,1.5,21,0,4.0,HIGH
7,6,1.43,21,0,3.5,HIGH
5,5,1.4,56,0,2.5,HIGH
5,4,1.4,29,0,2.5,HIGH
6,4,1.83,44,0,3.0,HIGH
4,3,1.0,29,0,2.0,HIGH
7,6,1.43,33,0,3.5,HIGH
7,6,1.57,34,0,3.5,HIGH
1,1,1.0,15,0,0.5,LOW
6,4,1.5,27,0,3.0,HIGH
12,9,1.5,21,0,6.0,HIGH
4,4,1.25,40,0,2.0,HIGH
3,3,2.0,47,0,1.5,HIGH
1,1,2.0,43,0,0.5,LOW
35,3,1.03,19,0,17.5,HIGH
4,4,1.75,31,0,2.0,HIGH
12,7,1.25,28,0,6.0,HIGH
4,1,2.0,32,0,2.0,HIGH
4,3,2.0,56,0,2.0,HIGH
5,3,1.6,27,0,2.5,HIGH
7,4,1.86,25,0,3.5,HIGH
8,7,1.25,24,0,4.0,HIGH
5,5,1.4,57,0,2.5,HIGH
4,2,2.0,24,0,2.0,HIGH
8,5,1.5,18,0,4.0,HIGH
10,5,1.7,30,0,5.0,HIGH
4,3,1.5,33,0,2.0,HIGH
34,2,1.06,32,0,17.0,HIGH
29,3,2.0,35,0,14.5,HIGH
4,3,1.75,36,0,2.0,HIGH
1,1,2.0,39,0,0.5,LOW
4,4,1.25,44,0,2.0,HIGH
6,5,1.67,40,0,3.0,HIGH
1,1,2.0,53,0,0.5,LOW
5,4,1.2,32,0,2.5,HIGH
2,1,2.0,33,0,1.0,HIGH
5,4,1.4,23,0,2.5,HIGH
2,2,2.0,26,0,1.0,HIGH
5,4,1.4,15,0,2.5,HIGH
8,6,1.5,21,0,4.0,HIGH
16,9,1.75,31,0,8.0,HIGH
1,1,1.0,31,0,0.5,LOW
27,7,1.93,25,0,13.5,HIGH
2,2,1.5,23,0,1.0,HIGH
1,1,2.0,43,0,0.5,LOW
3,3,1.67,42,0,1.5,HIGH
7,5,1.14,36,0,3.5,HIGH
6,5,1.33,23,0,3.0,HIGH
28,4,1.07,49,0,14.0,HIGH
1,1,2.0,23,0,0.5,LOW
8,6,1.38,38,0,4.0,HIGH
22,6,1.77,18,0,11.0,HIGH
4,4,1.5,15,0,2.0,HIGH
7,6,1.43,28,0,3.5,HIGH
7,4,1.86,30,0,3.5,HIGH
20,6,1.8,15,0,10.0,HIGH
28,3,1.93,19,0,14.0,HIGH
4,3,1.0,21,0,2.0,HIGH
7,6,1.43,34,0,3.5,HIGH
5,3,1.8,21,0,2.5,HIGH
1,1,2.0,19,0,0.5,LOW
11,7,1.55,40,0,5.5,HIGH
10,7,1.7,38,0,5.0,HIGH
3,3,1.67,31,0,1.5,HIGH
1,1,2.0,29,0,0.5,LOW
8,7,1.5,27,0,4.0,HIGH
10,5,1.4,38,0,5.0,HIGH
3,3,1.67,25,0,1.5,HIGH
4,2,2.0,15,0,2.0,HIGH
32,7,1.88,36,0,16.0,HIGH
34,8,1.21,43,0,17.0,HIGH
23,7,1.52,33,0,11.5,HIGH
12,9,1.42,34,0,6.0,HIGH
2,2,2.0,16,0,1.0,HIGH
5,4,1.8,29,0,2.5,HIGH
11,7,1.73,23,0,5.5,HIGH
4,4,1.5,50,0,2.0,HIGH
5,5,1.4,49,0,2.5,HIGH
43,4,1.98,30,0,21.5,HIGH
11,7,1.82,30,0,5.5,HIGH
7,5,1.57,33,0,3.5,HIGH
11,7,1.64,33,0,5.5,HIGH
4,4,1.75,26,0,2.0,HIGH
7,6,1.71,27,0,3.5,HIGH
7,5,1.57,15,0,3.5,HIGH
3,2,2.0,33,0,1.5,HIGH
2,2,2.0,36,0,1.0,HIGH
7,4,1.71,32,0,3.5,HIGH
11,8,1.64,35,0,5.5,HIGH
6,5,1.33,36,0,3.0,HIGH
3,2,1.67,30,0,1.5,HIGH
2,2,1.5,50,0,1.0,HIGH
2,2,2.0,24,0,1.0,HIGH
5,4,1.6,29,0,2.5,HIGH
1,1,1.0,15,0,0.5,LOW
4,4,1.25,31,0,2.0,HIGH
3,3,1.33,26,0,1.5,HIGH
1,1,2.0,21,0,0.5,LOW
5,4,1.6,24,0,2.5,HIGH
4,4,1.5,27,0,2.0,HIGH
2,2,2.0,17,0,1.0,HIGH
6,5,1.33,31,0,3.0,HIGH
10,6,1.5,38,0,5.0,HIGH
5,4,1.8,26,0,2.5,HIGH
19,9,1.53,20,0,9.5,HIGH
7,5,1.57,30,0,3.5,HIGH
11,7,1.64,35,0,5.5,HIGH
5,4,1.6,36,0,2.5,HIGH
3,3,1.33,58,0,1.5,HIGH
3,3,1.67,40,0,1.5,HIGH
4,3,1.5,55,0,2.0,HIGH
5,4,1.8,32,0,2.5,HIGH
2,2,1.0,36,0,1.0,LOW
21,5,1.9,35,0,10.5,HIGH
5,5,1.4,23,0,2.5,HIGH
4,3,2.0,15,0,2.0,HIGH
15,7,1.33,32,0,7.5,HIGH
7,4,1.71,20,0,3.5,HIGH
2,2,2.0,26,0,1.0,HIGH
3,2,2.0,44,0,1.5,HIGH
4,3,2.0,27,0,2.0,HIGH
3,3,1.67,33,0,1.5,HIGH
37,7,1.89,16,0,18.5,HIGH
6,5,1.67,34,0,3.0,HIGH
2,1,2.0,36,0,1.0,HIGH
9,6,1.56,34,0,4.5,HIGH
7,4,1.71,36,0,3.5,HIGH
3,2,1.67,29,0,1.5,HIGH
3,3,1.67,39,0,1.5,HIGH
5,3,1.4,19,0,2.5,HIGH
5,3,1.4,39,0,2.5,HIGH
2,2,2.0,36,0,1.0,HIGH
7,4,1.29,40,0,3.5,HIGH
8,4,1.75,40,0,4.0,HIGH
10,6,1.5,30,0,5.0,HIGH
4,3,1.5,50,0,2.0,HIGH
8,5,1.63,28,0,4.0,HIGH
7,4,1.57,30,0,3.5,HIGH
5,4,2.0,49,0,2.5,HIGH
5,3,2.0,35,0,2.5,HIGH
6,5,1.5,24,0,3.0,HIGH
10,7,1.6,30,0,5.0,HIGH
3,3,1.33,34,0,1.5,HIGH
4,3,1.75,38,0,2.0,HIGH
4,3,1.75,26,0,2.0,HIGH
9,7,1.44,35,0,4.5,HIGH
1,1,2.0,33,0,0.5,LOW
5,5,1.4,42,0,2.5,HIGH
6,4,2.0,21,0,3.0,HIGH
3,2,1.67,51,0,1.5,HIGH
4,3,1.5,26,0,2.0,HIGH
9,6,1.67,42,0,4.5,HIGH
1,1,2.0,34,0,0.5,LOW
18,2,1.94,29,0,9.0,HIGH
2,2,1.5,47,0,1.0,HIGH
3,3,1.67,42,0,1.5,HIGH
1,1,1.0,32,0,0.5,LOW
5,4,1.8,18,0,2.5,HIGH
4,4,1.5,32,0,2.0,HIGH
35,6,1.11,33,0,17.5,HIGH
7,6,1.57,36,0,3.5,HIGH
31,6,1.9,22,0,15.5,HIGH
15,9,1.4,42,0,7.5,HIGH
1,1,1.0,44,0,0.5,LOW
4,2,1.5,15,0,2.0,HIGH
31,7,1.9,37,0,15.5,HIGH
32,3,1.0,49,0,16.0,HIGH
2,2,2.0,24,0,1.0,HIGH
13,6,1.69,28,0,6.5,HIGH
7,3,1.57,19,0,3.5,HIGH
1,1,2.0,25,0,0.5,LOW
2,2,1.0,15,0,1.0,LOW
8,4,1.88,41,0,4.0,HIGH
9,8,1.44,42,0,4.5,HIGH
4,3,1.25,30,0,2.0,HIGH
8,5,1.67,27,0,4.0,HIGH
4,4,1.5,39,0,2.0,HIGH
2,2,1.5,15,0,1.0,HIGH
3,3,1.67,44,0,1.5,HIGH
7,5,1.71,26,0,3.5,HIGH
2,2,2.0,34,0,1.0,HIGH
7,5,1.57,40,0,3.5,HIGH
17,9,1.47,31,0,8.5,HIGH
8,7,1.5,51,0,4.0,HIGH
7,5,1.57,38,0,3.5,HIGH
4,3,1.75,25,0,2.0,HIGH
7,6,1.57,32,0,3.5,HIGH
3,3,1.67,20,0,1.5,HIGH
4,3,1.5,22,0,2.0,HIGH
9,7,1.22,31,0,4.5,HIGH
1,1,2.0,28,0,0.5,LOW
2,2,1.0,39,0,1.0,LOW
6,3,1.83,21,0,3.0,HIGH
9,7,1.44,41,0,4.5,HIGH
43,7,1.4,24,0,21.5,HIGH
6,3,1.5,28,0,3.0,HIGH
15,7,1.4,33,0,7.5,HIGH
2,2,1.5,23,0,1.0,HIGH
41,8,1.85,39,0,20.5,HIGH
11,9,1.45,29,0,5.5,HIGH
1,1,1.0,26,0,0.5,LOW
11,8,1.64,39,0,5.5,HIGH
28,7,1.71,46,0,14.0,HIGH
2,2,1.5,15,0,1.0,HIGH
4,3,1.75,41,0,2.0,HIGH
2,2,2.0,43,0,1.0,HIGH
2,2,1.0,22,0,1.0,LOW
6,3,2.0,37,0,3.0,HIGH
5,5,1.6,32,0,2.5,HIGH
5,5,1.8,54,0,2.5,HIGH
5,3,1.6,47,0,2.5,HIGH
2,1,2.0,19,0,1.0,HIGH
10,6,1.5,28,0,5.0,HIGH
6,4,2.0,57,0,3.0,HIGH
12,6,1.75,32,0,6.0,HIGH
27,6,1.89,29,0,13.5,HIGH
24,7,1.17,30,0,12.0,HIGH
5,2,1.8,46,0,2.5,HIGH
37,4,1.95,16,0,18.5,HIGH
27,2,2.0,36,0,13.5,HIGH
90,7,1.32,21,0,45.0,HIGH
4,4,1.75,23,0,2.0,HIGH
5,4,1.8,15,0,2.5,HIGH
18,9,1.61,38,0,9.0,HIGH
6,5,1.33,22,0,3.0,HIGH
1,1,2.0,38,0,0.5,LOW
3,2,2.0,46,0,1.5,HIGH
2,2,2.0,30,0,1.0,HIGH
4,4,1.5,15,0,2.0,HIGH
2,2,1.5,36,0,1.0,HIGH
2,2,2.0,42,0,1.0,HIGH
8,5,1.63,50,0,4.0,HIGH
22,9,1.77,44,0,11.0,HIGH
13,2,1.92,16,0,6.5,HIGH
6,5,1.33,35,0,3.0,HIGH
4,3,1.5,32,0,2.0,HIGH
8,6,1.5,33,0,4.0,HIGH
1,1,1.0,26,0,0.5,LOW
3,3,1.67,25,0,1.5,HIGH
2,2,2.0,42,0,1.0,HIGH
8,7,1.5,17,0,4.0,HIGH
7,5,1.71,22,0,3.5,HIGH
1,1,1.0,15,0,0.5,LOW
10,7,1.7,25,0,5.0,HIGH
2,2,2.0,21,0,1.0,HIGH
1,1,1.0,28,0,0.5,LOW
2,2,2.0,24,0,1.0,HIGH
1,1,2.0,38,0,0.5,LOW
6,6,1.5,42,0,3.0,HIGH
4,3,1.75,31,0,2.0,HIGH
2,2,1.0,37,0,1.0,LOW
3,3,1.67,33,0,1.5,HIGH
21,3,1.95,21,0,10.5,HIGH
3,2,1.33,35,0,1.5,HIGH
3,3,1.67,31,0,1.5,HIGH
4,4,1.75,29,0,2.0,HIGH
3,3,1.67,46,0,1.5,HIGH
24,5,1.92,31,0,12.0,HIGH
9,7,1.44,28,0,4.5,HIGH
3,3,1.33,15,0,1.5,HIGH
4,3,1.75,23,0,2.0,HIGH
2,2,1.5,33,0,1.0,HIGH
39,5,1.15,16,0,19.5,HIGH
2,1,2.0,36,0,1.0,HIGH
7,4,1.57,19,0,3.5,HIGH
12,7,1.33,22,0,6.0,HIGH
29,5,1.97,30,0,14.5,HIGH
35,10,1.83,26,0,17.5,HIGH
7,5,1.71,29,0,3.5,HIGH
1,1,2.0,24,0,0.5,LOW
36,9,1.83,38,0,18.0,HIGH
41,8,1.17,41,0,20.5,HIGH
1,1,1.0,29,0,0.5,LOW
8,6,1.5,31,0,4.0,HIGH
5,4,2.0,62,0,2.5,HIGH
5,5,1.6,31,0,2.5,HIGH
9,6,1.44,43,0,4.5,HIGH
3,2,1.67,30,0,1.5,HIGH
7,5,1.71,43,0,3.5,HIGH
2,2,2.0,25,0,1.0,HIGH
24,9,1.42,37,0,12.0,HIGH
5,3,2.0,50,0,2.5,HIGH
7,4,1.57,24,0,3.5,HIGH
17,6,1.65,35,0,8.5,HIGH
6,4,1.33,36,0,3.0,HIGH
10,6,1.7,32,0,5.0,HIGH
2,1,1.0,37,0,1.0,LOW
10,6,1.5,25,0,5.0,HIGH
4,4,1.5,20,0,2.0,HIGH
3,3,2.0,40,0,1.5,HIGH
7,5,1.71,23,0,3.5,HIGH
3,3,1.67,54,0,1.5,HIGH
6,5,1.67,31,0,3.0,HIGH
27,5,1.11,40,0,13.5,HIGH
17,10,1.53,27,0,8.5,HIGH
3,3,1.67,29,0,1.5,HIGH
10,6,1.8,29,0,5.0,HIGH
24,4,1.13,15,0,12.0,HIGH
33,8,1.18,22,0,16.5,HIGH
6,3,1.83,33,0,3.0,HIGH
7,5,1.43,24,0,3.5,HIGH
24,5,1.92,47,0,12.0,HIGH
3,2,1.0,32,0,1.5,HIGH
2,1,2.0,31,0,1.0,HIGH
2,2,1.5,24,0,1.0,HIGH
5,3,1.6,30,0,2.5,HIGH
4,4,1.0,38,0,2.0,HIGH
2,2,2.0,30,0,1.0,HIGH
5,2,2.0,23,0,2.5,HIGH
3,3,1.67,15,0,1.5,HIGH
4,4,1.5,44,0,2.0,HIGH
4,4,1.0,33,0,2.0,HIGH
11,7,1.45,43,0,5.5,HIGH
1,1,1.0,45,0,0.5,LOW
4,3,1.25,33,0,2.0,HIGH
5,4,1.4,38,0,2.5,HIGH
7,6,1.57,25,0,3.5,HIGH
2,2,1.5,27,0,1.0,HIGH
3,3,2.0,20,0,1.5,HIGH
4,2,2.0,34,0,2.0,HIGH
2,2,1.5,54,0,1.0,HIGH
5,4,1.8,32,0,2.5,HIGH
3,3,1.67,39,0,1.5,HIGH
5,3,1.8,20,0,2.5,HIGH
1,1,2.0,37,0,0.5,LOW
9,8,1.67,47,0,4.5,HIGH
11,8,1.55,27,0,5.5,HIGH
2,2,1.5,32,0,1.0,HIGH
4,3,1.75,33,0,2.0,HIGH
7,5,1.43,38,0,3.5,HIGH
1,1,1.0,15,0,0.5,LOW
3,3,1.33,48,0,1.5,HIGH
2,2,1.5,31,0,1.0,HIGH
52,7,1.17,35,0,26.0,HIGH
10,5,1.7,30,0,5.0,HIGH
17,3,2.0,19,0,8.5,HIGH
2,2,1.5,22,0,1.0,HIGH
3,3,1.33,44,0,1.5,HIGH
7,4,1.71,22,0,3.5,HIGH
1,1,1.0,34,0,0.5,LOW
3,3,1.67,44,0,1.5,HIGH
7,6,1.71,34,0,3.5,HIGH
7,5,1.57,23,0,3.5,HIGH
3,1,2.0,56,0,1.5,HIGH
32,2,2.0,15,0,16.0,HIGH
2,2,2.0,22,0,1.0,HIGH
34,4,1.97,20,0,17.0,HIGH
2,2,1.5,48,0,1.0,HIGH
3,2,2.0,34,0,1.5,HIGH
3,2,1.0,32,0,1.5,HIGH
6,4,1.67,31,0,3.0,HIGH
3,2,2.0,26,0,1.5,HIGH
5,4,1.4,29,0,2.5,HIGH
3,3,1.33,33,0,1.5,HIGH
8,6,1.63,27,0,4.0,HIGH
6,4,1.83,28,0,3.0,HIGH
20,3,1.95,34,0,10.0,HIGH
16,8,1.63,33,0,8.0,HIGH
5,3,1.2,32,0,2.5,HIGH
3,3,2.0,44,0,1.5,HIGH
8,4,1.63,18,0,4.0,HIGH
13,8,1.46,21,0,6.5,HIGH
13,7,1.62,29,0,6.5,HIGH
1,1,1.0,48,0,0.5,LOW
10,6,1.7,29,0,5.0,HIGH
7,6,1.43,34,0,3.5,HIGH
19,7,1.89,28,0,9.5,HIGH
51,9,1.86,41,0,25.5,HIGH
4,4,1.25,22,0,2.0,HIGH
25,10,1.52,32,0,12.5,HIGH
6,5,1.5,31,0,3.0,HIGH
4,3,1.75,30,0,2.0,HIGH
4,3,1.5,24,0,2.0,HIGH
2,2,2.0,45,0,1.0,HIGH
3,3,1.67,28,0,1.5,HIGH
6,6,1.5,31,0,3.0,HIGH
4,4,1.25,56,0,2.0,HIGH
6,5,1.5,44,0,3.0,HIGH
7,5,1.71,37,0,3.5,HIGH
5,4,1.6,37,0,2.5,HIGH
5,4,1.6,23,0,2.5,HIGH
4,3,1.5,47,0,2.0,HIGH
2,2,2.0,20,0,1.0,HIGH
3,2,1.67,18,0,1.5,HIGH
5,5,1.6,38,0,2.5,HIGH
4,4,1.5,31,0,2.0,HIGH
4,4,1.75,15,0,2.0,HIGH
10,5,1.8,32,0,5.0,HIGH
4,3,1.0,25,0,2.0,HIGH
2,2,1.5,37,0,1.0,HIGH
8,6,1.63,30,0,4.0,HIGH
2,2,1.0,15,0,1.0,LOW
2,2,1.5,15,0,1.0,HIGH
4,2,2.0,23,0,2.0,HIGH
38,7,1.89,28,0,19.0,HIGH
2,2,2.0,25,0,1.0,HIGH
1,1,1.0,27,0,0.5,LOW
27,8,1.78,21,0,13.5,HIGH
4,4,1.25,35,0,2.0,HIGH
6,3,2.0,37,0,3.0,HIGH
4,3,1.5,17,0,2.0,HIGH
6,5,1.83,17,0,3.0,HIGH
5,4,1.4,32,0,2.5,HIGH
1,1,1.0,34,0,0.5,LOW
7,5,1.43,19,0,3.5,HIGH
5,4,1.4,43,0,2.5,HIGH
4,3,1.5,44,0,2.0,HIGH
4,4,1.75,15,0,2.0,HIGH
11,6,1.64,24,0,5.5,HIGH
4,4,1.75,34,0,2.0,HIGH
6,4,1.67,39,0,3.0,HIGH
28,2,1.96,16,0,14.0,HIGH
2,2,1.5,18,0,1.0,HIGH
4,4,1.75,45,0,2.0,HIGH
8,3,2.0,31,0,4.0,HIGH
9,4,1.89,34,0,4.5,HIGH
2,2,1.5,60,0,1.0,HIGH
4,3,1.25,38,0,2.0,HIGH
40,6,1.98,35,0,20.0,HIGH
10,7,1.6,23,0,5.0,HIGH
2,2,1.0,38,0,1.0,LOW
51,7,1.94,18,0,25.5,HIGH
13,8,1.62,29,0,6.5,HIGH
6,6,1.67,28,0,3.0,HIGH
3,2,1.67,28,0,1.5,HIGH
9,5,1.67,38,0,4.5,HIGH
7,6,1.57,31,0,3.5,HIGH
5,2,1.6,31,0,2.5,HIGH
8,5,1.63,40,0,4.0,HIGH
3,2,1.67,34,0,1.5,HIGH
4,3,1.5,32,0,2.0,HIGH
1,1,2.0,23,0,0.5,LOW
8,5,1.5,24,0,4.0,HIGH
7,4,1.71,36,0,3.5,HIGH
4,3,1.5,33,0,2.0,HIGH
6,5,1.33,35,0,3.0,HIGH
2,2,1.5,23,0,1.0,HIGH
5,4,1.4,43,0,2.5,HIGH
9,5,1.67,26,0,4.5,HIGH
5,5,1.6,35,0,2.5,HIGH
8,5,1.5,35,0,4.0,HIGH
3,3,2.0,25,0,1.5,HIGH
7,4,1.57,32,0,3.5,HIGH
10,7,1.6,36,0,5.0,HIGH
27,3,1.04,35,0,13.5,HIGH
1,1,1.0,20,0,0.5,LOW
36,3,1.08,36,0,18.0,HIGH
2,2,2.0,35,0,1.0,HIGH
5,2,2.0,29,0,2.5,HIGH
6,6,1.5,32,0,3.0,HIGH
3,3,1.67,34,0,1.5,HIGH
5,5,1.4,32,0,2.5,HIGH
2,1,2.0,25,0,1.0,HIGH
3,2,1.67,33,0,1.5,HIGH
9,9,1.56,41,0,4.5,HIGH
3,3,1.33,42,0,1.5,HIGH
1,1,1.0,39,0,0.5,LOW
4,4,1.25,28,0,2.0,HIGH
2,2,1.5,46,0,1.0,HIGH
9,4,1.78,32,0,4.5,HIGH
13,7,1.62,31,0,6.5,HIGH
2,2,1.5,53,0,1.0,HIGH
55,9,1.89,36,0,27.5,HIGH
3,3,1.67,33,0,1.5,HIGH
6,5,1.83,26,0,3.0,HIGH
2,2,2.0,33,0,1.0,HIGH
2,2,2.0,19,0,1.0,HIGH
5,3,1.8,54,0,2.5,HIGH
2,2,1.5,27,0,1.0,HIGH
3,3,1.33,26,0,1.5,HIGH
5,4,2.0,32,0,2.5,HIGH
6,4,1.67,18,0,3.0,HIGH
2,2,2.0,32,0,1.0,HIGH
10,7,1.6,36,0,5.0,HIGH
37,4,1.92,26,0,18.5,HIGH
7,6,1.57,22,0,3.5,HIGH
38,5,2.0,30,0,19.0,HIGH
4,4,1.75,29,0,2.0,HIGH
6,4,1.57,49,0,3.0,HIGH
4,3,1.75,43,0,2.0,HIGH
4,3,2.0,26,0,2.0,HIGH
12,5,1.83,31,0,6.0,HIGH
3,1,1.0,33,0,1.5,HIGH
2,2,1.5,27,0,1.0,HIGH
12,8,1.58,21,0,6.0,HIGH
6,6,1.33,35,0,3.0,HIGH
1,1,1.0,25,0,0.5,LOW
4,4,1.5,39,0,2.0,HIGH
5,4,1.2,28,0,2.5,HIGH
6,6,1.67,18,0,3.0,HIGH
5,4,1.8,43,0,2.5,HIGH
50,8,1.88,26,0,25.0,HIGH
5,5,1.4,34,0,2.5,HIGH
7,5,1.43,16,0,3.5,HIGH
4,3,1.75,37,0,2.0,HIGH
5,4,1.4,28,0,2.5,HIGH
9,7,1.67,36,0,4.5,HIGH
2,2,1.5,46,0,1.0,HIGH
7,6,1.43,28,0,3.5,HIGH
9,6,1.67,32,0,4.5,HIGH
8,5,1.75,41,0,4.0,HIGH
4,3,1.25,37,0,2.0,HIGH
3,3,1.67,22,0,1.5,HIGH
2,2,1.5,35,0,1.0,HIGH
5,4,1.6,37,0,2.5,HIGH
6,4,1.33,31,0,3.0,HIGH
2,2,2.0,33,0,1.0,HIGH
5,4,1.4,25,0,2.5,HIGH
10,6,1.5,55,0,5.0,HIGH
3,2,2.0,28,0,1.5,HIGH
9,7,1.56,44,0,4.5,HIGH
11,7,1.45,20,0,5.5,HIGH
12,6,1.5,30,0,6.0,HIGH
25,7,1.92,27,0,12.5,HIGH
5,4,1.6,15,0,2.5,HIGH
6,3,1.83,26,0,3.0,HIGH
65,4,1.05,30,0,32.5,HIGH
3,3,1.67,49,0,1.5,HIGH
6,5,1.5,34,0,3.0,HIGH
15,6,1.47,45,0,7.5,HIGH
6,5,1.33,27,0,3.0,HIGH
7,6,1.57,38,0,3.5,HIGH
35,3,1.97,22,0,17.5,HIGH
36,8,1.89,39,0,18.0,HIGH
3,3,1.67,41,0,1.5,HIGH
2,2,1.5,18,0,1.0,HIGH
1,1,1.0,35,0,0.5,LOW
30,4,1.97,28,0,15.0,HIGH
8,6,1.25,23,0,4.0,HIGH
4,3,1.25,29,0,2.0,HIGH
14,9,1.21,33,0,7.0,HIGH
4,4,1.5,15,0,2.0,HIGH
4,4,1.5,15,0,2.0,HIGH
2,2,1.0,33,0,1.0,LOW
6,5,1.5,29,0,3.0,HIGH
4,4,1.5,38,0,2.0,HIGH
2,2,1.5,15,0,1.0,HIGH
1,1,1.0,34,0,0.5,LOW
4,4,1.25,31,0,2.0,HIGH
3,3,1.33,25,0,1.5,HIGH
5,2,1.4,19,0,2.5,HIGH
13,9,1.54,28,0,6.5,HIGH
6,5,1.67,38,0,3.0,HIGH
3,2,2.0,20,0,1.5,HIGH
4,3,1.0,34,0,2.0,HIGH
5,4,1.6,31,0,2.5,HIGH
3,3,1.33,25,0,1.5,HIGH
7,6,1.29,33,0,3.5,HIGH
5,3,1.4,23,0,2.5,HIGH
22,8,1.68,23,0,11.0,HIGH
7,4,1.86,40,0,3.5,HIGH
6,6,1.5,35,0,3.0,HIGH
3,2,1.67,37,0,1.5,HIGH
7,6,1.57,23,0,3.5,HIGH
6,5,1.33,27,0,3.0,HIGH
4,4,1.5,36,0,2.0,HIGH
11,7,1.73,33,0,5.5,HIGH
3,3,2.0,34,0,1.5,HIGH
6,5,1.33,36,0,3.0,HIGH
5,4,1.8,26,0,2.5,HIGH
1,1,2.0,19,0,0.5,LOW
5,5,1.4,16,0,2.5,HIGH
8,5,1.63,38,0,4.0,HIGH
3,2,1.67,30,0,1.5,HIGH
8,6,1.63,24,0,4.0,HIGH
3,2,2.0,43,0,1.5,HIGH
2,2,1.5,44,0,1.0,HIGH
11,8,1.73,33,0,5.5,HIGH
6,5,1.5,40,0,3.0,HIGH
1,1,2.0,23,0,0.5,LOW
3,3,1.33,36,0,1.5,HIGH
8,6,1.5,23,0,4.0,HIGH
3,3,1.67,19,0,1.5,HIGH
9,6,1.44,42,0,4.5,HIGH
2,2,1.0,21,0,1.0,LOW
3,3,1.33,30,0,1.5,HIGH
11,8,1.55,34,0,5.5,HIGH
7,4,1.57,21,0,3.5,HIGH
2,2,1.5,31,0,1.0,HIGH
2,2,1.5,46,0,1.0,HIGH
10,6,1.5,34,0,5.0,HIGH
43,8,1.88,32,0,21.5,HIGH
4,3,1.5,33,0,2.0,HIGH
2,2,2.0,18,0,1.0,HIGH
14,8,1.64,34,0,7.0,HIGH
5,5,1.6,27,0,2.5,HIGH
8,4,1.63,36,0,4.0,HIGH
5,3,1.8,35,0,2.5,HIGH
5,4,1.8,40,0,2.5,HIGH
4,4,1.25,52,0,2.0,HIGH
13,8,1.69,34,0,6.5,HIGH
33,3,2.0,26,0,16.5,HIGH
5,4,1.4,26,0,2.5,HIGH
8,6,1.25,26,0,4.0,HIGH
1,1,2.0,23,0,0.5,LOW
2,2,2.0,53,0,1.0,HIGH
47,5,1.04,50,0,23.5,HIGH
1,1,1.0,24,0,0.5,LOW
5,4,1.6,20,0,2.5,HIGH
2,2,2.0,43,0,1.0,HIGH
4,3,1.5,25,0,2.0,HIGH
28,5,1.14,33,0,14.0,HIGH
12,8,1.5,35,0,6.0,HIGH
10,7,1.8,50,0,5.0,HIGH
3,3,2.0,22,0,1.5,HIGH
2,2,1.5,18,0,1.0,HIGH
3,2,1.67,42,0,1.5,HIGH
9,7,1.44,38,0,4.5,HIGH
2,2,1.5,53,0,1.0,HIGH
2,2,1.0,39,0,1.0,LOW
7,4,1.43,25,0,3.5,HIGH
2,2,1.0,21,0,1.0,LOW
13,6,1.77,27,0,6.5,HIGH
7,5,1.71,19,0,3.5,HIGH
5,4,1.6,37,0,2.5,HIGH
2,1,2.0,21,0,1.0,HIGH
9,6,1.67,19,0,4.5,HIGH
13,6,1.62,26,0,6.5,HIGH
6,4,1.83,40,0,3.0,HIGH
4,3,1.25,33,0,2.0,HIGH
3,3,2.0,35,0,1.5,HIGH
3,2,2.0,35,0,1.5,HIGH
4,4,2.0,48,0,2.0,HIGH
12,6,1.75,30,0,6.0,HIGH
8,5,1.63,31,0,4.0,HIGH
2,2,1.5,34,0,1.0,HIGH
43,7,1.07,31,0,21.5,HIGH
4,3,1.5,25,0,2.0,HIGH
6,6,1.5,39,0,3.0,HIGH
1,1,1.0,49,0,0.5,LOW
4,3,1.75,23,0,2.0,HIGH
1,1,1.0,34,0,0.5,LOW
1,1,1.0,52,0,0.5,LOW
1,1,2.0,36,0,0.5,LOW
1,1,2.0,31,0,0.5,LOW
17,9,1.47,30,0,8.5,HIGH
7,5,1.57,32,0,3.5,HIGH
4,3,1.75,46,0,2.0,HIGH
1,1,1.0,37,0,0.5,LOW
3,2,1.67,27,0,1.5,HIGH
3,3,1.33,47,0,1.5,HIGH
9,5,1.78,26,0,4.5,HIGH
3,3,1.67,27,0,1.5,HIGH
36,7,1.14,27,0,18.0,HIGH
30,4,1.97,36,0,15.0,HIGH
1,1,1.0,39,0,0.5,LOW
4,4,1.75,36,0,2.0,HIGH
10,5,1.6,15,0,5.0,HIGH
5,5,1.6,34,0,2.5,HIGH
1,1,2.0,17,0,0.5,LOW
5,5,1.2,23,0,2.5,HIGH
7,4,1.57,30,0,3.5,HIGH
7,5,1.43,31,0,3.5,HIGH
6,4,1.67,28,0,3.0,HIGH
3,3,1.67,41,0,1.5,HIGH
4,3,1.5,36,0,2.0,HIGH
6,5,1.67,26,0,3.0,HIGH
3,1,1.0,22,0,1.5,HIGH
3,1,2.0,33,0,1.5,HIGH
3,3,1.0,35,0,1.5,HIGH
2,2,1.5,30,0,1.0,HIGH
28,6,1.21,22,0,14.0,HIGH
15,9,1.47,28,0,7.5,HIGH
2,1,2.0,29,0,1.0,HIGH
1,1,1.0,22,0,0.5,LOW
9,6,1.67,26,0,4.5,HIGH
10,5,1.7,20,0,5.0,HIGH
11,8,1.64,21,0,5.5,HIGH
24,12,1.63,28,0,12.0,HIGH
2,2,1.5,19,0,1.0,HIGH
4,3,2.0,35,0,2.0,HIGH
2,2,2.0,36,0,1.0,HIGH
31,6,1.9,20,0,15.5,HIGH
14,9,1.64,33,0,7.0,HIGH
39,5,1.87,20,0,19.5,HIGH
2,2,1.5,25,0,1.0,HIGH
7,4,1.71,34,0,3.5,HIGH
2,1,2.0,35,0,1.0,HIGH
3,3,1.33,44,0,1.5,HIGH
31,2,1.97,52,0,15.5,HIGH
11,7,1.55,37,0,5.5,HIGH
14,9,1.36,28,0,7.0,HIGH
1,1,1.0,22,0,0.5,LOW
28,4,1.96,43,0,14.0,HIGH
2,2,2.0,40,0,1.0,HIGH
66,7,1.44,26,0,33.0,HIGH
3,3,1.67,22,0,1.5,HIGH
9,6,1.33,26,0,4.5,HIGH
9,4,1.67,28,0,4.5,HIGH
5,4,1.6,33,0,2.5,HIGH
4,4,1.25,17,0,2.0,HIGH
6,5,1.5,35,0,3.0,HIGH
6,5,1.5,45,0,3.0,HIGH
7,6,1.57,62,0,3.5,HIGH
40,5,1.07,21,0,20.0,HIGH
10,7,1.3,27,0,5.0,HIGH
45,9,1.84,45,0,22.5,HIGH
6,4,1.5,29,0,3.0,HIGH
6,4,1.5,21,0,3.0,HIGH
23,2,1.96,28,0,11.5,HIGH
4,4,1.5,46,0,2.0,HIGH
3,2,1.67,23,0,1.5,HIGH
34,6,1.91,27,0,17.0,HIGH
4,3,1.5,42,0,2.0,HIGH
13,6,1.62,28,0,6.5,HIGH
3,3,1.67,47,0,1.5,HIGH
2,2,2.0,36,0,1.0,HIGH
4,3,1.25,37,0,2.0,HIGH
2,2,1.5,24,0,1.0,HIGH
4,4,1.5,35,0,2.0,HIGH
3,3,1.33,47,0,1.5,HIGH
4,3,1.5,36,0,2.0,HIGH
28,5,1.93,35,0,14.0,HIGH
4,2,1.25,27,0,2.0,HIGH
4,4,1.5,24,0,2.0,HIGH
6,3,1.5,29,0,3.0,HIGH
3,3,1.0,37,0,1.5,HIGH
3,3,1.33,32,0,1.5,HIGH
2,2,1.5,65,0,1.0,HIGH
7,5,1.86,36,0,3.5,HIGH
23,7,1.87,30,0,11.5,HIGH
3,2,1.67,31,0,1.5,HIGH
4,4,1.75,49,0,2.0,HIGH
2,2,2.0,23,0,1.0,HIGH
7,5,1.71,41,0,3.5,HIGH
4,4,1.25,28,0,2.0,HIGH
1,1,2.0,35,0,0.5,LOW
6,3,1.83,23,0,3.0,HIGH
7,4,1.57,35,0,3.5,HIGH
4,3,1.75,45,0,2.0,HIGH
4,4,1.5,20,0,2.0,HIGH
2,2,1.0,33,0,1.0,LOW
36,4,1.97,24,0,18.0,HIGH
5,3,1.2,35,0,2.5,HIGH
19,6,1.89,31,0,9.5,HIGH
2,1,2.0,55,0,1.0,HIGH
6,4,1.83,38,0,3.0,HIGH
12,6,1.42,33,0,6.0,HIGH
2,2,1.5,27,0,1.0,HIGH
48,4,1.96,25,0,24.0,HIGH
1,1,2.0,15,0,0.5,LOW
1,1,2.0,30,0,0.5,LOW
3,3,2.0,36,0,1.5,HIGH
5,3,1.4,15,0,2.5,HIGH
1,1,2.0,33,0,0.5,LOW
3,2,1.0,25,0,1.5,HIGH
31,3,1.0,44,0,15.5,HIGH
4,4,1.5,16,0,2.0,HIGH
4,3,1.75,27,0,2.0,HIGH
4,4,1.5,32,0,2.0,HIGH
1,1,2.0,43,0,0.5,LOW
5,4,1.8,29,0,2.5,HIGH
4,3,1.5,24,0,2.0,HIGH
7,5,1.14,23,0,3.5,HIGH
26,4,1.96,38,0,13.0,HIGH
25,4,1.92,41,0,12.5,HIGH
9,7,1.33,41,0,4.5,HIGH
13,8,1.46,34,0,6.5,HIGH
2,2,2.0,59,0,1.0,HIGH
3,3,1.67,15,0,1.5,HIGH
13,7,1.62,24,0,6.5,HIGH
35,7,1.91,17,0,17.5,HIGH
24,3,1.92,15,0,12.0,HIGH
2,2,1.5,28,0,1.0,HIGH
7,5,1.71,23,0,3.5,HIGH
7,6,1.71,31,0,3.5,HIGH
1,1,2.0,17,0,0.5,LOW
7,4,1.71,52,0,3.5,HIGH
3,2,2.0,24,0,1.5,HIGH
5,3,1.8,39,0,2.5,HIGH
4,4,1.5,51,0,2.0,HIGH
12,7,1.5,31,0,6.0,HIGH
6,4,1.67,46,0,3.0,HIGH
9,5,1.56,18,0,4.5,HIGH
12,6,1.75,37,0,6.0,HIGH
1,1,1.0,41,0,0.5,LOW
32,5,1.09,35,0,16.0,HIGH
1,1,2.0,33,0,0.5,LOW
9,5,1.78,33,0,4.5,HIGH
12,6,1.5,29,0,6.0,HIGH
5,5,1.8,35,0,2.5,HIGH
3,2,1.67,28,0,1.5,HIGH
15,9,1.73,27,0,7.5,HIGH
45,8,1.91,22,0,22.5,HIGH
43,6,1.91,33,0,21.5,HIGH
5,5,1.4,25,0,2.5,HIGH
8,4,1.5,35,0,4.0,HIGH
35,4,1.94,32,0,17.5,HIGH
11,6,1.64,31,0,5.5,HIGH
7,5,1.43,40,0,3.5,HIGH
1,1,2.0,52,0,0.5,LOW
2,1,2.0,28,0,1.0,HIGH
2,2,1.5,23,0,1.0,HIGH
5,5,1.2,42,0,2.5,HIGH
2,2,1.5,27,0,1.0,HIGH
3,3,1.67,29,0,1.5,HIGH
5,4,1.8,34,0,2.5,HIGH
2,2,1.5,22,0,1.0,HIGH
1,1,1.0,41,0,0.5,LOW
5,5,1.4,23,0,2.5,HIGH
9,7,1.56,43,0,4.5,HIGH
5,3,1.6,38,0,2.5,HIGH
2,2,1.5,23,0,1.0,HIGH
3,2,2.0,30,0,1.5,HIGH
7,4,1.71,25,0,3.5,HIGH
1,1,2.0,53,0,0.5,LOW
8,5,1.75,31,0,4.0,HIGH
3,3,1.33,42,0,1.5,HIGH
3,3,1.33,22,0,1.5,HIGH
2,2,2.0,48,0,1.0,HIGH
2,2,1.5,38,0,1.0,HIGH
7,6,1.57,42,0,3.5,HIGH
4,3,1.25,38,0,2.0,HIGH
8,6,1.75,25,0,4.0,HIGH
2,2,1.5,24,0,1.0,HIGH
3,3,2.0,20,0,1.5,HIGH
14,6,1.57,27,0,7.0,HIGH
1,1,2.0,15,0,0.5,LOW
3,3,1.67,52,0,1.5,HIGH
4,3,1.25,50,0,2.0,HIGH
3,3,1.33,18,0,1.5,HIGH
1,1,2.0,31,0,0.5,LOW
8,5,1.63,24,0,4.0,HIGH
1,1,2.0,36,0,0.5,LOW
4,3,1.5,26,0,2.0,HIGH
7,4,1.14,39,0,3.5,HIGH
5,4,2.0,39,0,2.5,HIGH
42,7,1.88,37,0,21.0,HIGH
34,4,1.85,38,0,17.0,HIGH
4,3,1.75,21,0,2.0,HIGH
5,4,1.6,25,0,2.5,HIGH
4,4,1.75,35,0,2.0,HIGH
30,6,1.9,40,0,15.0,HIGH
6,4,1.5,19,0,3.0,HIGH
42,6,1.95,47,0,21.0,HIGH
4,3,2.0,40,0,2.0,HIGH
4,3,1.75,42,0,2.0,HIGH
3,3,1.33,35,0,1.5,HIGH
3,3,1.67,45,0,1.5,HIGH
33,7,1.88,33,0,16.5,HIGH
2,2,1.5,40,0,1.0,HIGH
42,6,1.07,41,0,21.0,HIGH
3,3,1.33,26,0,1.5,HIGH
8,5,1.5,42,0,4.0,HIGH
48,7,1.15,26,0,24.0,HIGH
7,5,1.71,35,0,3.5,HIGH
2,2,1.5,22,0,1.0,HIGH
2,2,1.5,15,0,1.0,HIGH
3,1,2.0,34,0,1.5,HIGH
3,3,1.67,44,0,1.5,HIGH
8,5,1.38,34,0,4.0,HIGH
3,3,1.33,31,0,1.5,HIGH
5,4,1.6,22,0,2.5,HIGH
8,4,1.75,32,0,4.0,HIGH
3,3,1.0,15,0,1.5,HIGH
10,6,1.4,34,0,5.0,HIGH
9,6,1.56,18,0,4.5,HIGH
1,1,2.0,30,0,0.5,LOW
9,6,1.67,38,0,4.5,HIGH
1,1,1.0,24,0,0.5,LOW
6,5,1.67,30,0,3.0,HIGH
6,4,1.17,39,0,3.0,HIGH
4,4,1.25,54,0,2.0,HIGH
2,1,2.0,30,0,1.0,HIGH
7,5,1.71,22,0,3.5,HIGH
3,3,1.67,29,0,1.5,HIGH
20,2,2.0,15,0,10.0,HIGH
7,6,1.29,38,0,3.5,HIGH
5,4,1.8,34,0,2.5,HIGH
2,2,1.5,25,0,1.0,HIGH
6,3,1.33,40,0,3.0,HIGH
8,7,1.25,22,0,4.0,HIGH
11,7,1.64,31,0,5.5,HIGH
5,3,1.8,52,0,2.5,HIGH
2,2,1.0,66,0,1.0,LOW
4,4,1.5,30,0,2.0,HIGH
1,1,1.0,38,0,0.5,LOW
7,5,1.57,40,0,3.5,HIGH
6,5,1.67,35,0,3.0,HIGH
1,1,2.0,26,0,0.5,LOW
2,2,1.5,18,0,1.0,HIGH
2,2,1.5,39,0,1.0,HIGH
2,2,1.5,17,0,1.0,HIGH
6,5,1.5,49,0,3.0,HIGH
3,2,1.67,43,0,1.5,HIGH
13,7,1.46,26,0,6.5,HIGH
3,2,1.0,17,0,1.5,HIGH
1,1,2.0,23,0,0.5,LOW
4,3,1.75,29,0,2.0,HIGH
3,2,1.67,26,0,1.5,HIGH
1,1,1.0,33,0,0.5,LOW
11,8,1.45,21,0,5.5,HIGH
4,4,1.5,19,0,2.0,HIGH
5,2,1.8,32,0,2.5,HIGH
9,5,1.78,48,0,4.5,HIGH
2,2,1.5,29,0,1.0,HIGH
9,7,1.33,31,0,4.5,HIGH
1,1,2.0,29,0,0.5,LOW
4,4,1.25,33,0,2.0,HIGH
5,4,1.6,17,0,2.5,HIGH
6,4,1.83,37,0,3.0,HIGH
5,4,1.4,42,0,2.5,HIGH
3,3,1.67,28,0,1.5,HIGH
6,5,1.5,37,0,3.0,HIGH
3,2,1.67,18,0,1.5,HIGH
3,3,1.67,51,0,1.5,HIGH
29,3,1.93,15,0,14.5,HIGH
3,3,1.67,23,0,1.5,HIGH
4,4,1.5,45,0,2.0,HIGH
3,3,1.67,36,0,1.5,HIGH
4,3,1.75,23,0,2.0,HIGH
2,2,1.0,30,0,1.0,LOW
2,2,2.0,22,0,1.0,HIGH
5,5,1.8,32,0,2.5,HIGH
4,4,1.5,40,0,2.0,HIGH
3,3,1.33,31,0,1.5,HIGH
14,7,1.86,19,0,7.0,HIGH
4,3,1.25,39,0,2.0,HIGH
1,1,1.0,33,0,0.5,LOW
4,4,1.25,24,0,2.0,HIGH
3,2,2.0,34,0,1.5,HIGH
12,6,1.75,24,0,6.0,HIGH
9,6,1.56,25,0,4.5,HIGH
4,4,1.5,43,0,2.0,HIGH
21,4,1.14,19,0,10.5,HIGH
31,4,1.03,34,0,15.5,HIGH
6,4,1.67,37,0,3.0,HIGH
6,5,1.67,29,0,3.0,HIGH
4,4,1.5,28,0,2.0,HIGH
1,1,2.0,39,0,0.5,LOW
6,5,1.5,24,0,3.0,HIGH
2,2,1.5,52,0,1.0,HIGH
7,3,1.71,25,0,3.5,HIGH
6,5,1.5,33,0,3.0,HIGH
6,5,1.67,34,0,3.0,HIGH
3,3,1.67,16,0,1.5,HIGH
56,6,1.48,36,0,28.0,HIGH
48,10,1.9,27,0,24.0,HIGH
4,3,1.75,41,0,2.0,HIGH
2,2,1.5,51,0,1.0,HIGH
31,4,1.97,26,0,15.5,HIGH
1,1,2.0,34,0,0.5,LOW
1,1,2.0,30,0,0.5,LOW
4,3,1.5,34,0,2.0,HIGH
3,3,1.67,26,0,1.5,HIGH
7,5,1.43,40,0,3.5,HIGH
2,2,1.5,17,0,1.0,HIGH
25,5,1.92,31,0,12.5,HIGH
31,5,1.97,40,0,15.5,HIGH
34,5,1.94,15,0,17.0,HIGH
2,2,2.0,28,0,1.0,HIGH
4,4,1.5,52,0,2.0,HIGH
5,4,1.6,22,0,2.5,HIGH
6,4,1.83,21,0,3.0,HIGH
12,5,1.75,32,0,6.0,HIGH
6,4,1.5,24,0,3.0,HIGH
3,3,1.67,28,0,1.5,HIGH
3,3,1.67,40,0,1.5,HIGH
27,6,1.93,40,0,13.5,HIGH
8,6,1.63,20,0,4.0,HIGH
6,4,1.83,18,0,3.0,HIGH
36,6,1.86,17,0,18.0,HIGH
6,4,1.67,15,0,3.0,HIGH
32,4,1.97,38,0,16.0,HIGH
7,6,1.57,20,0,3.5,HIGH
5,2,2.0,33,0,2.5,HIGH
1,1,1.0,35,0,0.5,LOW
46,5,1.98,38,0,23.0,HIGH
4,4,1.5,26,0,2.0,HIGH
2,2,1.0,17,0,1.0,LOW
3,3,1.67,20,0,1.5,HIGH
3,3,1.33,15,0,1.5,HIGH
4,4,2.0,35,0,2.0,HIGH
2,2,1.5,30,0,1.0,HIGH
2,2,2.0,54,0,1.0,HIGH
4,4,1.75,22,0,2.0,HIGH
3,3,1.67,44,0,1.5,HIGH
6,5,1.83,37,0,3.0,HIGH
1,1,1.0,45,0,0.5,LOW
5,4,1.4,25,0,2.5,HIGH
5,4,1.6,46,0,2.5,HIGH
9,5,1.33,38,0,4.5,HIGH
2,2,1.5,15,0,1.0,HIGH
4,3,1.75,47,0,2.0,HIGH
1,1,1.0,15,0,0.5,LOW
4,4,1.25,36,0,2.0,HIGH
7,5,1.71,42,0,3.5,HIGH
3,3,2.0,28,0,1.5,HIGH
3,3,1.67,49,0,1.5,HIGH
20,8,1.35,44,0,10.0,HIGH
10,7,1.4,38,0,5.0,HIGH
40,6,1.13,39,0,20.0,HIGH
6,6,1.33,44,0,3.0,HIGH
5,5,1.4,37,0,2.5,HIGH
13,8,1.46,25,0,6.5,HIGH
3,3,1.67,33,0,1.5,HIGH
6,4,1.67,42,0,3.0,HIGH
5,4,1.6,26,0,2.5,HIGH
6,5,1.67,27,0,3.0,HIGH
3,3,1.33,30,0,1.5,HIGH
1,1,2.0,25,0,0.5,LOW
5,4,1.4,40,0,2.5,HIGH
7,5,1.86,35,0,3.5,HIGH
2,1,2.0,15,0,1.0,HIGH
12,7,1.5,24,0,6.0,HIGH
8,6,1.63,42,0,4.0,HIGH
6,6,1.5,30,0,3.0,HIGH
9,7,1.33,29,0,4.5,HIGH
7,5,1.57,30,0,3.5,HIGH
2,1,1.0,30,0,1.0,LOW
3,3,1.67,28,0,1.5,HIGH
3,2,2.0,30,0,1.5,HIGH
1,1,1.0,21,0,0.5,LOW
29,7,1.14,16,0,14.5,HIGH
4,3,1.5,31,0,2.0,HIGH
7,5,1.43,35,0,3.5,HIGH
2,2,1.5,23,0,1.0,HIGH
6,5,1.67,36,0,3.0,HIGH
10,7,1.3,38,0,5.0,HIGH
14,7,1.64,33,0,7.0,HIGH
7,6,1.71,38,0,3.5,HIGH
6,3,1.5,27,0,3.0,HIGH
2,2,2.0,41,0,1.0,HIGH
3,3,1.33,25,0,1.5,HIGH
2,1,2.0,28,0,1.0,HIGH
3,2,1.67,31,0,1.5,HIGH
2,2,2.0,17,0,1.0,HIGH
11,4,1.82,18,0,5.5,HIGH
37,4,1.95,29,0,18.5,HIGH
2,2,1.5,27,0,1.0,HIGH
5,3,1.6,48,0,2.5,HIGH
5,4,1.6,45,0,2.5,HIGH
3,3,1.33,30,0,1.5,HIGH
3,3,1.67,44,0,1.5,HIGH
4,4,1.25,16,0,2.0,HIGH
13,6,1.62,21,0,6.5,HIGH
3,2,2.0,20,0,1.5,HIGH
6,5,1.5,33,0,3.0,HIGH
12,7,1.75,31,0,6.0,HIGH
2,2,1.0,27,0,1.0,LOW
6,4,1.83,34,0,3.0,HIGH
1,1,1.0,24,0,0.5,LOW
12,6,1.42,25,0,6.0,HIGH
3,2,2.0,37,0,1.5,HIGH
14,7,1.36,24,0,7.0,HIGH
4,3,1.25,28,0,2.0,HIGH
1,1,1.0,29,0,0.5,LOW
13,6,1.62,30,0,6.5,HIGH
49,10,1.86,34,0,24.5,HIGH
3,2,2.0,15,0,1.5,HIGH
1,1,1.0,44,0,0.5,LOW
2,2,1.5,44,0,1.0,HIGH
6,4,1.67,15,0,3.0,HIGH
41,4,1.98,45,0,20.5,HIGH
5,4,1.4,19,0,2.5,HIGH
4,4,1.75,29,0,2.0,HIGH
50,8,1.1,30,0,25.0,HIGH
8,6,1.38,30,0,4.0,HIGH
3,3,1.0,49,0,1.5,HIGH
7,6,1.29,28,0,3.5,HIGH
4,4,1.5,15,0,2.0,HIGH
14,8,1.64,28,0,7.0,HIGH
4,2,2.0,18,0,2.0,HIGH
6,5,1.83,45,0,3.0,HIGH
2,2,1.5,19,0,1.0,HIGH
12,8,1.67,39,0,6.0,HIGH
39,6,1.95,30,0,19.5,HIGH
3,3,1.33,39,0,1.5,HIGH
2,2,1.5,33,0,1.0,HIGH
22,6,1.95,18,0,11.0,HIGH
43,8,1.14,31,0,21.5,HIGH
3,3,1.67,17,0,1.5,HIGH
8,6,1.38,25,0,4.0,HIGH
5,3,1.8,43,0,2.5,HIGH
6,6,1.5,47,0,3.0,HIGH
1,1,2.0,38,0,0.5,LOW
5,4,1.6,32,0,2.5,HIGH
20,8,1.7,36,0,10.0,HIGH
13,6,1.77,21,0,6.5,HIGH
4,4,2.0,36,0,2.0,HIGH
7,4,1.71,37,0,3.5,HIGH
4,3,1.75,15,0,2.0,HIGH
7,5,1.29,29,0,3.5,HIGH
2,2,2.0,42,0,1.0,HIGH
3,3,1.67,32,0,1.5,HIGH
2,1,1.0,26,0,1.0,LOW
45,7,1.2,33,0,22.5,HIGH
5,3,2.0,40,0,2.5,HIGH
9,5,1.56,26,0,4.5,HIGH
3,3,1.67,31,0,1.5,HIGH
1,1,2.0,21,0,0.5,LOW
10,7,1.6,26,0,5.0,HIGH
3,2,1.0,26,0,1.5,HIGH
43,4,1.95,59,0,21.5,HIGH
23,9,1.22,19,0,11.5,HIGH
5,4,1.8,26,0,2.5,HIGH
2,2,2.0,23,0,1.0,HIGH
9,6,1.44,36,0,4.5,HIGH
7,4,1.86,50,0,3.5,HIGH
2,2,1.0,58,0,1.0,LOW
5,3,2.0,16,0,2.5,HIGH
4,3,1.5,38,0,2.0,HIGH
1,1,2.0,39,0,0.5,LOW
10,5,1.6,36,0,5.0,HIGH
8,6,1.38,37,0,4.0,HIGH
5,4,1.4,26,0,2.5,HIGH
3,2,2.0,30,0,1.5,HIGH
29,4,1.14,39,0,14.5,HIGH
10,6,1.6,32,0,5.0,HIGH
3,3,1.67,19,0,1.5,HIGH
6,4,1.5,19,0,3.0,HIGH
3,3,1.33,29,0,1.5,HIGH
3,3,1.0,24,0,1.5,HIGH
4,4,1.75,16,0,2.0,HIGH
2,2,1.5,33,0,1.0,HIGH
1,1,2.0,23,0,0.5,LOW
2,2,2.0,41,0,1.0,HIGH
4,4,1.5,39,0,2.0,HIGH
1,1,1.0,32,0,0.5,LOW
5,5,1.6,38,0,2.5,HIGH
4,3,1.0,37,0,2.0,HIGH
11,7,1.55,33,0,5.5,HIGH
3,2,1.0,40,0,1.5,HIGH
4,4,1.5,15,0,2.0,HIGH
2,2,2.0,16,0,1.0,HIGH
10,8,1.4,35,0,5.0,HIGH
13,9,1.54,33,0,6.5,HIGH
3,3,1.33,52,0,1.5,HIGH
7,5,1.86,42,0,3.5,HIGH
3,3,1.33,25,0,1.5,HIGH
3,2,1.33,36,0,1.5,HIGH
1,1,2.0,33,0,0.5,LOW
9,4,1.78,35,0,4.5,HIGH
85,8,1.09,17,0,42.5,HIGH
9,4,1.89,36,0,4.5,HIGH
4,4,1.5,27,0,2.0,HIGH
4,4,1.75,46,0,2.0,HIGH
1,1,1.0,42,0,0.5,LOW
2,2,2.0,41,0,1.0,HIGH
4,3,1.5,25,0,2.0,HIGH
4,3,1.5,32,0,2.0,HIGH
5,3,1.2,29,0,2.5,HIGH
5,3,1.8,39,0,2.5,HIGH
3,2,1.33,16,0,1.5,HIGH
6,4,1.67,22,0,3.0,HIGH
3,3,2.0,39,0,1.5,HIGH
2,2,1.5,43,0,1.0,HIGH
6,5,1.67,41,0,3.0,HIGH
5,5,1.2,56,0,2.5,HIGH
6,5,1.83,45,0,3.0,HIGH
9,7,1.56,30,0,4.5,HIGH
2,2,1.5,19,0,1.0,HIGH
7,6,1.57,33,0,3.5,HIGH
7,5,1.86,28,0,3.5,HIGH
3,3,1.67,34,0,1.5,HIGH
5,3,1.0,26,0,2.5,HIGH
4,3,1.25,30,0,2.0,HIGH
8,6,1.5,44,0,4.0,HIGH
31,4,1.9,40,0,15.5,HIGH
7,5,1.71,38,0,3.5,HIGH
3,3,1.67,22,0,1.5,HIGH
10,8,1.5,31,0,5.0,HIGH
4,4,1.5,53,0,2.0,HIGH
2,1,2.0,32,0,1.0,HIGH
3,3,1.33,15,0,1.5,HIGH
3,3,1.33,38,0,1.5,HIGH
8,4,1.63,27,0,4.0,HIGH
3,3,1.33,33,0,1.5,HIGH
9,6,1.56,38,0,4.5,HIGH
11,6,1.64,21,0,5.5,HIGH
4,3,1.25,33,0,2.0,HIGH
5,4,1.8,35,0,2.5,HIGH
5,3,1.4,27,0,2.5,HIGH
4,3,1.75,28,0,2.0,HIGH
4,2,1.5,15,0,2.0,HIGH
2,2,1.0,42,0,1.0,LOW
2,2,1.5,31,0,1.0,HIGH
1,1,2.0,29,0,0.5,LOW
4,3,1.5,20,0,2.0,HIGH
4,4,1.25,45,0,2.0,HIGH
11,5,1.64,42,0,5.5,HIGH
3,3,1.33,39,0,1.5,HIGH
8,5,1.63,47,0,4.0,HIGH
15,8,1.53,31,0,7.5,HIGH
18,9,1.5,25,0,9.0,HIGH
1,1,2.0,15,0,0.5,LOW
4,3,2.0,24,0,2.0,HIGH
30,6,1.07,37,0,15.0,HIGH
3,3,1.33,27,0,1.5,HIGH
2,2,1.0,15,0,1.0,LOW
19,9,1.47,32,0,9.5,HIGH
5,4,1.8,23,0,2.5,HIGH
24,5,1.96,31,0,12.0,HIGH
7,6,1.29,42,0,3.5,HIGH
40,7,1.95,33,0,20.0,HIGH
3,3,1.67,29,0,1.5,HIGH
5,4,1.2,41,0,2.5,HIGH
4,4,1.5,50,0,2.0,HIGH
5,4,1.2,15,0,2.5,HIGH
10,6,1.6,42,0,5.0,HIGH
17,8,1.53,36,0,8.5,HIGH
8,6,1.5,24,0,4.0,HIGH
7,5,1.86,43,0,3.5,HIGH
4,4,1.5,37,0,2.0,HIGH
4,2,2.0,38,0,2.0,HIGH
4,3,2.0,25,0,2.0,HIGH
3,2,1.67,25,0,1.5,HIGH
2,2,2.0,15,0,1.0,HIGH
9,5,1.44,17,0,4.5,HIGH
8,5,1.13,18,0,4.0,HIGH
6,3,2.0,15,0,3.0,HIGH
4,4,1.5,53,0,2.0,HIGH
2,2,1.5,22,0,1.0,HIGH
2,2,1.5,26,0,1.0,HIGH
2,1,2.0,15,0,1.0,HIGH
2,2,1.5,35,0,1.0,HIGH
1,1,2.0,23,0,0.5,LOW
47,5,1.94,40,0,23.5,HIGH
13,7,1.31,31,0,6.5,HIGH
1,1,2.0,37,0,0.5,LOW
6,5,1.5,34,0,3.0,HIGH
4,3,1.75,48,0,2.0,HIGH
8,6,1.38,30,0,4.0,HIGH
3,3,1.33,31,0,1.5,HIGH
36,3,1.97,15,0,18.0,HIGH
37,8,1.22,34,0,18.5,HIGH
2,2,1.5,68,0,1.0,HIGH
6,4,1.67,29,0,3.0,HIGH
2,2,1.5,31,0,1.0,HIGH
6,5,1.33,45,0,3.0,HIGH
14,7,1.57,33,0,7.0,HIGH
10,6,1.7,22,0,5.0,HIGH
6,5,1.5,23,0,3.0,HIGH
5,5,1.6,33,0,2.5,HIGH
2,2,1.5,15,0,1.0,HIGH
9,6,1.44,39,0,4.5,HIGH
4,3,1.25,23,0,2.0,HIGH
5,5,1.4,21,0,2.5,HIGH
1,1,2.0,44,0,0.5,LOW
9,7,1.44,33,0,4.5,HIGH
9,4,1.78,40,0,4.5,HIGH
6,5,1.67,24,0,3.0,HIGH
13,5,1.85,24,0,6.5,HIGH
36,6,1.11,24,0,18.0,HIGH
3,3,1.67,29,0,1.5,HIGH
3,3,1.67,39,0,1.5,HIGH
10,8,1.6,49,0,5.0,HIGH
14,8,1.79,40,0,7.0,HIGH
36,6,1.06,42,0,18.0,HIGH
8,6,1.5,33,0,4.0,HIGH
8,5,1.5,38,0,4.0,HIGH
47,8,1.89,17,0,23.5,HIGH
3,3,1.67,64,0,1.5,HIGH
4,4,1.75,39,0,2.0,HIGH
4,3,1.25,39,0,2.0,HIGH
53,6,1.58,32,0,26.5,HIGH
6,6,1.33,27,0,3.0,HIGH
1,1,1.0,17,0,0.5,LOW
16,8,1.5,28,0,8.0,HIGH
19,2,2.0,30,0,9.5,HIGH
3,3,1.33,20,0,1.5,HIGH
3,3,1.33,30,0,1.5,HIGH
11,6,1.36,24,0,5.5,HIGH
2,2,2.0,49,0,1.0,HIGH
1,1,1.0,17,0,0.5,LOW
3,3,2.0,24,0,1.5,HIGH
6,6,1.17,39,0,3.0,HIGH
6,4,1.67,29,0,3.0,HIGH
7,6,1.71,39,0,3.5,HIGH
3,3,2.0,35,0,1.5,HIGH
8,4,1.88,39,0,4.0,HIGH
2,2,2.0,28,0,1.0,HIGH
5,3,1.8,34,0,2.5,HIGH
5,4,1.6,35,0,2.5,HIGH
3,3,1.67,41,0,1.5,HIGH
5,4,1.8,23,0,2.5,HIGH
5,3,1.8,15,0,2.5,HIGH
3,3,1.67,27,0,1.5,HIGH
2,2,1.5,15,0,1.0,HIGH
6,6,1.17,25,0,3.0,HIGH
12,7,1.5,28,0,6.0,HIGH
4,3,1.0,32,0,2.0,HIGH
4,3,1.5,19,0,2.0,HIGH
4,3,1.75,25,0,2.0,HIGH
18,8,1.67,27,0,9.0,HIGH
1,1,2.0,16,0,0.5,LOW
2,2,2.0,15,0,1.0,HIGH
4,4,1.75,17,0,2.0,HIGH
3,2,1.67,22,0,1.5,HIGH
24,5,1.13,32,0,12.0,HIGH
3,2,1.67,62,0,1.5,HIGH
3,2,2.0,26,0,1.5,HIGH
8,5,1.63,39,0,4.0,HIGH
2,2,1.5,21,0,1.0,HIGH
53,5,1.06,33,0,26.5,HIGH
3,2,1.33,24,0,1.5,HIGH
6,4,1.83,32,0,3.0,HIGH
2,2,1.5,37,0,1.0,HIGH
12,8,1.42,25,0,6.0,HIGH
7,7,1.57,29,0,3.5,HIGH
2,2,1.5,15,0,1.0,HIGH
2,2,1.5,32,0,1.0,HIGH
4,4,2.0,18,0,2.0,HIGH
6,4,1.33,26,0,3.0,HIGH
3,3,1.67,40,0,1.5,HIGH
2,2,1.5,35,0,1.0,HIGH
7,6,1.43,19,0,3.5,HIGH
4,4,1.25,36,0,2.0,HIGH
5,5,1.2,28,0,2.5,HIGH
5,3,1.8,45,0,2.5,HIGH
4,3,1.5,36,0,2.0,HIGH
5,4,1.4,32,0,2.5,HIGH
7,6,1.71,26,0,3.5,HIGH
3,3,1.33,40,0,1.5,HIGH
3,3,1.67,43,0,1.5,HIGH
1,1,1.0,53,0,0.5,LOW
4,4,1.75,54,0,2.0,HIGH
4,2,2.0,25,0,2.0,HIGH
3,2,2.0,27,0,1.5,HIGH
5,3,1.8,36,0,2.5,HIGH
4,3,1.25,27,0,2.0,HIGH
3,2,1.0,37,0,1.5,HIGH
5,4,1.6,30,0,2.5,HIGH
3,3,1.67,37,0,1.5,HIGH
3,3,1.67,38,0,1.5,HIGH
12,9,1.33,30,0,6.0,HIGH
9,6,1.56,36,0,4.5,HIGH
3,2,1.0,30,0,1.5,HIGH
7,5,1.57,39,0,3.5,HIGH
48,5,1.92,27,0,24.0,HIGH
15,8,1.47,24,0,7.5,HIGH
1,1,2.0,28,0,0.5,LOW
44,9,1.77,31,0,22.0,HIGH
7,5,1.71,41,0,3.5,HIGH
8,6,1.38,47,0,4.0,HIGH
8,6,1.63,26,0,4.0,HIGH
6,4,1.5,30,0,3.0,HIGH
6,3,1.83,34,0,3.0,HIGH
4,3,1.5,38,0,2.0,HIGH
4,4,1.75,39,0,2.0,HIGH
2,2,2.0,18,0,1.0,HIGH
4,3,1.75,51,0,2.0,HIGH
4,4,1.5,39,0,2.0,HIGH
6,4,1.5,19,0,3.0,HIGH
6,5,1.5,30,0,3.0,HIGH
8,4,1.5,35,0,4.0,HIGH
3,3,1.33,32,0,1.5,HIGH
4,3,1.75,57,0,2.0,HIGH
39,3,1.97,15,0,19.5,HIGH
4,4,1.5,43,0,2.0,HIGH
3,1,2.0,27,0,1.5,HIGH
2,2,1.0,60,0,1.0,LOW
8,4,1.63,43,0,4.0,HIGH
3,3,2.0,21,0,1.5,HIGH
12,6,1.75,29,0,6.0,HIGH
3,3,1.67,31,0,1.5,HIGH
2,2,1.5,22,0,1.0,HIGH
19,3,1.95,20,0,9.5,HIGH
7,4,1.57,59,0,3.5,HIGH
14,7,1.29,27,0,7.0,HIGH
3,1,2.0,20,0,1.5,HIGH
3,3,1.67,47,0,1.5,HIGH
3,3,1.33,43,0,1.5,HIGH
6,5,1.67,20,0,3.0,HIGH
10,8,1.4,36,0,5.0,HIGH
6,5,1.67,35,0,3.0,HIGH
5,3,1.6,47,0,2.5,HIGH
3,3,1.33,52,0,1.5,HIGH
8,5,1.38,31,0,4.0,HIGH
5,3,1.4,46,0,2.5,HIGH
7,5,1.43,28,0,3.5,HIGH
1,1,1.0,31,0,0.5,LOW
42,5,1.9,25,0,21.0,HIGH
7,6,1.71,28,0,3.5,HIGH
3,2,2.0,22,0,1.5,HIGH
3,3,2.0,30,0,1.5,HIGH
7,5,1.71,27,0,3.5,HIGH
10,8,1.6,31,0,5.0,HIGH
2,2,1.5,38,0,1.0,HIGH
36,3,1.08,33,0,18.0,HIGH
12,7,1.67,26,0,6.0,HIGH
5,5,1.4,27,0,2.5,HIGH
2,2,2.0,31,0,1.0,HIGH
3,3,1.33,39,0,1.5,HIGH
11,6,1.73,50,0,5.5,HIGH
1,1,2.0,22,0,0.5,LOW
3,3,1.33,29,0,1.5,HIGH
7,6,1.71,33,0,3.5,HIGH
1,1,1.0,28,0,0.5,LOW
4,3,1.0,36,0,2.0,HIGH
5,3,1.6,23,0,2.5,HIGH
5,4,1.4,31,0,2.5,HIGH
6,5,1.67,24,0,3.0,HIGH
46,5,1.96,22,0,23.0,HIGH
5,2,1.8,33,0,2.5,HIGH
32,3,1.06,43,0,16.0,HIGH
5,5,1.6,46,0,2.5,HIGH
6,4,1.83,39,0,3.0,HIGH
6,5,1.67,31,0,3.0,HIGH
5,4,1.4,30,0,2.5,HIGH
33,3,1.09,33,0,16.5,HIGH
36,6,1.92,44,0,18.0,HIGH
4,4,1.75,49,0,2.0,HIGH
3,3,2.0,23,0,1.5,HIGH
6,4,1.5,31,0,3.0,HIGH
33,8,1.21,31,0,16.5,HIGH
8,6,1.75,22,0,4.0,HIGH
2,2,1.5,35,0,1.0,HIGH
8,7,1.5,32,0,4.0,HIGH
35,6,1.2,39,0,17.5,HIGH
9,6,1.44,27,0,4.5,HIGH
2,2,1.5,27,0,1.0,HIGH
1,1,1.0,49,0,0.5,LOW
6,4,1.5,34,0,3.0,HIGH
3,2,1.67,37,0,1.5,HIGH
2,2,1.5,21,0,1.0,HIGH
4,4,1.5,30,0,2.0,HIGH
5,5,1.4,34,0,2.5,HIGH
9,4,1.67,19,0,4.5,HIGH
5,5,1.6,19,0,2.5,HIGH
5,4,1.6,37,0,2.5,HIGH
15,9,1.47,32,0,7.5,HIGH
3,2,2.0,24,0,1.5,HIGH
6,5,1.33,26,0,3.0,HIGH
2,2,1.5,38,0,1.0,HIGH
3,3,1.33,24,0,1.5,HIGH
4,3,1.5,35,0,2.0,HIGH
1,1,1.0,31,0,0.5,LOW
11,6,1.64,30,0,5.5,HIGH
5,4,1.4,30,0,2.5,HIGH
2,1,2.0,42,0,1.0,HIGH
11,6,1.82,30,0,5.5,HIGH
5,3,1.2,26,0,2.5,HIGH
5,5,1.8,42,0,2.5,HIGH
6,5,1.17,32,0,3.0,HIGH
5,3,2.0,42,0,2.5,HIGH
3,2,2.0,15,0,1.5,HIGH
8,6,1.5,28,0,4.0,HIGH
21,2,2.0,15,0,10.5,HIGH
5,3,1.8,29,0,2.5,HIGH
7,7,1.57,15,0,3.5,HIGH
6,5,1.67,30,0,3.0,HIGH
11,8,1.55,29,0,5.5,HIGH
4,4,1.75,46,0,2.0,HIGH
34,3,1.0,52,0,17.0,HIGH
3,2,1.0,37,0,1.5,HIGH
6,5,1.33,29,0,3.0,HIGH
25,5,1.92,49,0,12.5,HIGH
35,5,1.29,32,0,17.5,HIGH
1,1,2.0,19,0,0.5,LOW
5,5,1.4,37,0,2.5,HIGH
7,5,1.57,15,0,3.5,HIGH
43,2,1.95,15,0,21.5,HIGH
1,1,1.0,15,0,0.5,LOW
15,8,1.53,28,0,7.5,HIGH
3,3,1.67,21,0,1.5,HIGH
2,2,1.5,43,0,1.0,HIGH
4,3,1.75,21,0,2.0,HIGH
10,8,1.4,24,0,5.0,HIGH
2,2,2.0,20,0,1.0,HIGH
2,2,2.0,17,0,1.0,HIGH
2,2,1.5,25,0,1.0,HIGH
11,6,1.64,27,0,5.5,HIGH
8,5,1.5,34,0,4.0,HIGH
34,7,1.82,43,0,17.0,HIGH
4,3,1.0,36,0,2.0,HIGH
2,2,1.0,25,0,1.0,LOW
3,3,2.0,29,0,1.5,HIGH
2,2,1.5,48,0,1.0,HIGH
4,4,1.5,28,0,2.0,HIGH
6,4,1.67,15,0,3.0,HIGH
14,8,1.57,25,0,7.0,HIGH
8,7,1.75,39,0,4.0,HIGH
10,6,1.4,30,0,5.0,HIGH
6,4,1.17,23,0,3.0,HIGH
1,1,2.0,21,0,0.5,LOW
3,3,1.33,15,0,1.5,HIGH
1,1,2.0,21,0,0.5,LOW
3,2,1.67,34,0,1.5,HIGH
6,4,1.33,27,0,3.0,HIGH
5,5,1.4,47,0,2.5,HIGH
2,2,2.0,22,0,1.0,HIGH
13,7,1.38,36,0,6.5,HIGH
59,10,1.08,36,0,29.5,HIGH
3,3,1.67,38,0,1.5,HIGH
2,2,1.0,40,0,1.0,LOW
9,5,1.78,22,0,4.5,HIGH
6,5,1.5,32,0,3.0,HIGH
15,7,1.67,24,0,7.5,HIGH
9,6,1.67,15,0,4.5,HIGH
6,4,1.33,49,0,3.0,HIGH
13,7,1.46,41,0,6.5,HIGH
3,2,2.0,37,0,1.5,HIGH
4,2,2.0,70,0,2.0,HIGH
6,4,1.67,30,0,3.0,HIGH
11,7,1.55,31,0,5.5,HIGH
5,5,1.0,24,0,2.5,HIGH
1,1,2.0,20,0,0.5,LOW
6,3,1.67,42,0,3.0,HIGH
7,4,1.57,33,0,3.5,HIGH
3,2,1.0,37,0,1.5,HIGH
3,3,1.67,36,0,1.5,HIGH
5,4,1.4,27,0,2.5,HIGH
6,4,1.5,28,0,3.0,HIGH
4,2,1.75,42,0,2.0,HIGH
1,1,2.0,34,0,0.5,LOW
3,2,1.33,33,0,1.5,HIGH
4,4,1.5,18,0,2.0,HIGH
6,4,1.67,35,0,3.0,HIGH
24,6,1.92,15,0,12.0,HIGH
4,4,1.5,43,0,2.0,HIGH
5,3,1.4,32,0,2.5,HIGH
5,4,1.4,16,0,2.5,HIGH
7,7,1.57,38,0,3.5,HIGH
8,5,1.63,40,0,4.0,HIGH
6,6,1.83,26,0,3.0,HIGH
3,2,1.67,49,0,1.5,HIGH
2,2,1.0,45,0,1.0,LOW
11,8,1.55,29,0,5.5,HIGH
8,5,1.5,38,0,4.0,HIGH
2,2,2.0,45,0,1.0,HIGH
1,1,2.0,42,0,0.5,LOW
4,4,1.75,38,0,2.0,HIGH
4,4,1.25,22,0,2.0,HIGH
6,6,1.67,28,0,3.0,HIGH
8,4,1.63,15,0,4.0,HIGH
5,5,1.8,47,0,2.5,HIGH
3,3,1.33,32,0,1.5,HIGH
3,3,1.33,38,0,1.5,HIGH
3,2,1.67,49,0,1.5,HIGH
4,3,1.75,32,0,2.0,HIGH
3,2,2.0,17,0,1.5,HIGH
6,5,1.67,38,0,3.0,HIGH
23,4,1.91,20,0,11.5,HIGH
5,4,1.6,27,0,2.5,HIGH
10,7,1.4,35,0,5.0,HIGH
3,2,1.33,27,0,1.5,HIGH
3,3,1.67,35,0,1.5,HIGH
3,3,1.67,41,0,1.5,HIGH
1,1,2.0,15,0,0.5,LOW
4,4,1.75,38,0,2.0,HIGH
11,7,1.45,30,0,5.5,HIGH
3,3,1.67,24,0,1.5,HIGH
7,4,1.57,19,0,3.5,HIGH
1,1,1.0,56,0,0.5,LOW
18,7,1.33,39,0,9.0,HIGH
13,6,1.54,29,0,6.5,HIGH
11,8,1.73,34,0,5.5,HIGH
2,2,1.5,29,0,1.0,HIGH
11,6,1.64,22,0,5.5,HIGH
4,3,1.75,18,0,2.0,HIGH
3,3,1.67,43,0,1.5,HIGH
9,5,1.67,36,0,4.5,HIGH
44,10,1.84,46,0,22.0,HIGH
5,5,1.2,44,0,2.5,HIGH
3,3,1.33,46,0,1.5,HIGH
1,1,1.0,18,0,0.5,LOW
7,4,1.86,28,0,3.5,HIGH
7,6,1.57,35,0,3.5,HIGH
3,3,1.33,15,0,1.5,HIGH
25,2,1.96,18,0,12.5,HIGH
9,6,1.67,49,0,4.5,HIGH
12,8,1.67,36,0,6.0,HIGH
1,1,2.0,15,0,0.5,LOW
2,2,2.0,33,0,1.0,HIGH
7,4,1.86,41,0,3.5,HIGH
2,2,1.5,34,0,1.0,HIGH
9,6,1.67,30,0,4.5,HIGH
2,2,1.0,23,0,1.0,LOW
5,3,1.6,37,0,2.5,HIGH
2,2,1.5,22,0,1.0,HIGH
2,2,1.5,24,0,1.0,HIGH
14,9,1.71,32,0,7.0,HIGH
20,3,1.95,35,0,10.0,HIGH
7,5,1.71,38,0,3.5,HIGH
4,1,2.0,21,0,2.0,HIGH
12,8,1.67,21,0,6.0,HIGH
2,2,1.0,55,0,1.0,LOW
5,5,1.6,38,0,2.5,HIGH
5,5,1.4,31,0,2.5,HIGH
15,9,1.67,28,0,7.5,HIGH
12,9,1.75,18,0,6.0,HIGH
8,6,1.38,35,0,4.0,HIGH
4,2,2.0,41,0,2.0,HIGH
1,1,2.0,37,0,0.5,LOW
2,2,1.5,32,0,1.0,HIGH
3,3,1.33,15,0,1.5,HIGH
4,3,1.75,33,0,2.0,HIGH
6,4,1.83,37,0,3.0,HIGH
10,7,1.7,25,0,5.0,HIGH
7,5,1.29,28,0,3.5,HIGH
19,7,1.68,35,0,9.5,HIGH
9,6,1.56,28,0,4.5,HIGH
3,3,1.67,30,0,1.5,HIGH
14,8,1.79,41,0,7.0,HIGH
7,5,1.86,36,0,3.5,HIGH
27,6,1.11,29,0,13.5,HIGH
5,4,1.6,31,0,2.5,HIGH
9,5,1.67,22,0,4.5,HIGH
12,7,1.5,35,0,6.0,HIGH
3,3,1.33,30,0,1.5,HIGH
5,3,1.8,32,0,2.5,HIGH
8,5,1.75,38,0,4.0,HIGH
2,2,1.5,40,0,1.0,HIGH
6,4,1.83,26,0,3.0,HIGH
4,3,1.5,26,0,2.0,HIGH
16,9,1.38,36,0,8.0,HIGH
3,3,1.67,22,0,1.5,HIGH
12,8,1.5,31,0,6.0,HIGH
2,2,2.0,44,0,1.0,HIGH
8,4,1.63,36,0,4.0,HIGH
30,6,1.9,35,0,15.0,HIGH
2,2,1.5,50,0,1.0,HIGH
6,3,1.5,21,0,3.0,HIGH
4,4,1.75,53,0,2.0,HIGH
12,7,1.33,34,0,6.0,HIGH
10,6,1.6,43,0,5.0,HIGH
2,1,1.0,20,0,1.0,LOW
12,6,1.5,36,0,6.0,HIGH
4,3,1.25,19,0,2.0,HIGH
6,5,1.5,23,0,3.0,HIGH
3,2,1.33,42,0,1.5,HIGH
6,5,1.33,29,0,3.0,HIGH
6,4,1.5,32,0,3.0,HIGH
7,6,1.43,35,0,3.5,HIGH
4,4,1.5,38,0,2.0,HIGH
2,2,1.0,15,0,1.0,LOW
1,1,1.0,21,0,0.5,LOW
3,3,1.67,15,0,1.5,HIGH
30,8,1.87,41,0,15.0,HIGH
3,2,2.0,23,0,1.5,HIGH
6,5,1.33,42,0,3.0,HIGH
36,3,1.0,42,0,18.0,HIGH
6,3,1.83,27,0,3.0,HIGH
4,3,2.0,40,0,2.0,HIGH
3,3,1.67,22,0,1.5,HIGH
5,4,1.6,35,0,2.5,HIGH
3,3,1.33,15,0,1.5,HIGH
43,6,1.95,51,0,21.5,HIGH
8,6,1.38,34,0,4.0,HIGH
5,5,1.2,45,0,2.5,HIGH
29,5,1.28,33,0,14.5,HIGH
5,3,1.8,19,0,2.5,HIGH
24,4,2.0,31,0,12.0,HIGH
4,3,1.75,42,0,2.0,HIGH
4,4,1.75,38,0,2.0,HIGH
1,1,1.0,23,0,0.5,LOW
2,2,1.5,51,0,1.0,HIGH
1,1,1.0,24,0,0.5,LOW
2,2,1.5,53,0,1.0,HIGH
3,3,2.0,41,0,1.5,HIGH
7,5,1.71,16,0,3.5,HIGH
4,3,1.25,26,0,2.0,HIGH
2,2,1.5,15,0,1.0,HIGH
2,2,1.5,23,0,1.0,HIGH
16,8,1.38,26,0,8.0,HIGH
5,3,1.8,27,0,2.5,HIGH
2,2,2.0,24,0,1.0,HIGH
19,8,1.58,37,0,9.5,HIGH
3,3,1.33,33,0,1.5,HIGH
2,2,1.0,46,0,1.0,LOW
1,1,2.0,43,0,0.5,LOW
3,2,2.0,15,0,1.5,HIGH
14,10,1.6,35,0,7.0,HIGH
11,5,1.64,30,0,5.5,HIGH
3,3,1.33,23,0,1.5,HIGH
1,1,2.0,31,0,0.5,LOW
6,4,1.33,28,0,3.0,HIGH
6,4,1.83,23,0,3.0,HIGH
2,2,1.5,29,0,1.0,HIGH
2,2,2.0,24,0,1.0,HIGH
7,5,1.57,24,0,3.5,HIGH
10,6,1.3,26,0,5.0,HIGH
6,4,1.83,32,0,3.0,HIGH
27,5,1.89,27,0,13.5,HIGH
3,3,1.33,37,0,1.5,HIGH
28,4,1.96,48,0,14.0,HIGH
11,7,1.45,33,0,5.5,HIGH
3,2,1.67,42,0,1.5,HIGH
5,5,1.6,33,0,2.5,HIGH
3,3,1.67,36,0,1.5,HIGH
32,6,1.84,25,0,16.0,HIGH
2,2,1.5,29,0,1.0,HIGH
6,4,1.67,31,0,3.0,HIGH
2,1,2.0,30,0,1.0,HIGH
17,9,1.71,29,0,8.5,HIGH
11,8,1.55,25,0,5.5,HIGH
1,1,2.0,33,0,0.5,LOW
4,3,1.75,18,0,2.0,HIGH
2,2,1.0,44,0,1.0,LOW
4,4,1.75,18,0,2.0,HIGH
4,3,2.0,38,0,2.0,HIGH
4,3,1.5,21,0,2.0,HIGH
13,6,1.38,24,0,6.5,HIGH
22,5,1.18,29,0,11.0,HIGH
6,3,1.83,15,0,3.0,HIGH
27,6,1.93,40,0,13.5,HIGH
25,3,1.0,25,0,12.5,HIGH
10,5,1.5,27,0,5.0,HIGH
6,5,1.67,36,0,3.0,HIGH
1,1,2.0,15,0,0.5,LOW
7,4,1.57,43,0,3.5,HIGH
5,4,1.8,47,0,2.5,HIGH
3,1,2.0,23,0,1.5,HIGH
2,2,1.5,51,0,1.0,HIGH
7,4,1.86,32,0,3.5,HIGH
8,5,1.63,29,0,4.0,HIGH
1,1,2.0,36,0,0.5,LOW
9,7,1.67,28,0,4.5,HIGH
8,4,1.75,35,0,4.0,HIGH
9,7,1.44,50,0,4.5,HIGH
4,4,1.75,28,0,2.0,HIGH
8,6,1.75,25,0,4.0,HIGH
29,3,1.14,41,0,14.5,HIGH
5,3,1.4,35,0,2.5,HIGH
3,3,1.67,36,0,1.5,HIGH
3,2,1.33,15,0,1.5,HIGH
9,5,1.56,33,0,4.5,HIGH
1,1,1.0,29,0,0.5,LOW
2,2,1.0,34,0,1.0,LOW
4,3,2.0,21,0,2.0,HIGH
8,4,1.63,21,0,4.0,HIGH
34,5,1.09,18,0,17.0,HIGH
2,2,2.0,25,0,1.0,HIGH
4,4,1.25,20,0,2.0,HIGH
9,5,1.56,29,0,4.5,HIGH
7,4,1.29,21,0,3.5,HIGH
2,2,2.0,42,0,1.0,HIGH
4,3,1.25,24,0,2.0,HIGH
3,2,1.0,36,0,1.5,HIGH
4,4,2.0,37,0,2.0,HIGH
11,5,1.91,30,0,5.5,HIGH
6,5,1.67,40,0,3.0,HIGH
3,3,1.33,29,0,1.5,HIGH
4,3,1.5,28,0,2.0,HIGH
1,1,1.0,26,0,0.5,LOW
3,3,1.33,37,0,1.5,HIGH
2,2,1.5,24,0,1.0,HIGH
4,4,1.25,28,0,2.0,HIGH
8,5,1.38,33,0,4.0,HIGH
4,4,1.5,34,0,2.0,HIGH
36,7,1.14,24,0,18.0,HIGH
6,5,1.33,33,0,3.0,HIGH
16,1,2.0,27,0,8.0,HIGH
2,2,1.0,20,0,1.0,LOW
3,3,1.33,32,0,1.5,HIGH
4,3,1.25,18,0,2.0,HIGH
1,1,2.0,40,0,0.5,LOW
5,3,1.6,22,0,2.5,HIGH
6,6,1.33,30,0,3.0,HIGH
2,2,1.5,31,0,1.0,HIGH
1,1,1.0,20,0,0.5,LOW
2,2,2.0,38,0,1.0,HIGH
10,5,1.8,28,0,5.0,HIGH
2,1,2.0,22,0,1.0,HIGH
2,2,2.0,28,0,1.0,HIGH
39,5,1.92,38,0,19.5,HIGH
11,7,1.55,41,0,5.5,HIGH
4,4,1.25,26,0,2.0,HIGH
6,5,1.5,47,0,3.0,HIGH
8,6,1.63,24,0,4.0,HIGH
9,6,1.44,28,0,4.5,HIGH
18,3,1.94,39,0,9.0,HIGH
