PoliceStationID,month,case_count,avg_gravity,unique_crime_types,is_weekend_rate,risk_level
3,1,7,1.71,4,0.29,HIGH
4,1,7,1.57,5,0.29,HIGH
5,1,3,1.33,3,0.33,LOW
6,1,2,1.5,2,0.0,LOW
7,1,5,1.6,4,0.6,HIGH
8,1,7,1.57,3,0.0,HIGH
9,1,4,1.75,4,0.25,HIGH
10,1,2,1.5,2,0.5,LOW
12,1,5,1.2,4,0.2,LOW
13,1,7,1.43,5,0.29,LOW
14,1,7,1.29,4,0.29,LOW
15,1,6,1.67,2,0.5,HIGH
16,1,2,1.5,2,0.5,LOW
17,1,9,1.56,7,0.33,HIGH
18,1,5,1.6,4,1.0,HIGH
19,1,3,2.0,3,0.67,LOW
21,1,4,1.5,4,0.25,HIGH
22,1,4,2.0,1,0.25,HIGH
23,1,4,1.25,4,0.25,LOW
24,1,6,1.83,4,0.17,HIGH
25,1,5,2.0,2,0.2,HIGH
26,1,1,2.0,1,0.0,LOW
27,1,1,2.0,1,1.0,LOW
28,1,2,1.5,2,0.5,LOW
29,1,1,2.0,1,0.0,LOW
30,1,1,1.0,1,0.0,LOW
32,1,5,1.8,3,0.4,HIGH
33,1,2,1.5,2,0.5,LOW
34,1,2,1.5,2,0.5,LOW
36,1,2,1.5,2,0.0,LOW
37,1,4,1.75,4,0.25,HIGH
38,1,4,1.5,3,0.0,HIGH
39,1,5,1.8,3,0.2,HIGH
40,1,3,1.67,3,0.0,LOW
43,1,3,1.67,3,0.33,LOW
44,1,4,1.75,4,0.5,HIGH
45,1,2,1.5,2,0.0,LOW
46,1,3,1.67,3,0.33,LOW
47,1,2,2.0,2,0.5,LOW
48,1,1,1.0,1,0.0,LOW
49,1,3,2.0,3,0.0,LOW
50,1,1,1.0,1,1.0,LOW
52,1,5,1.4,4,0.0,LOW
53,1,6,1.33,4,0.0,LOW
54,1,4,1.25,4,0.5,LOW
55,1,4,1.5,3,0.0,HIGH
56,1,4,1.5,4,0.25,HIGH
57,1,3,1.67,2,0.33,LOW
58,1,3,2.0,3,0.67,LOW
59,1,1,1.0,1,0.0,LOW
60,1,4,1.25,3,0.25,LOW
62,1,4,1.75,4,0.5,HIGH
63,1,4,1.25,3,0.0,LOW
64,1,3,2.0,2,0.33,LOW
65,1,4,1.25,3,0.0,LOW
66,1,2,1.5,2,0.0,LOW
67,1,3,2.0,3,0.67,LOW
68,1,3,1.33,3,0.33,LOW
69,1,1,1.0,1,1.0,LOW
71,1,2,1.5,2,0.5,LOW
72,1,1,1.0,1,0.0,LOW
73,1,4,1.75,3,0.25,HIGH
74,1,5,1.6,3,0.2,HIGH
76,1,2,2.0,1,0.0,LOW
77,1,4,2.0,3,0.75,HIGH
78,1,2,2.0,2,0.5,LOW
79,1,5,2.0,2,0.0,HIGH
80,1,5,1.4,4,0.4,LOW
81,1,1,2.0,1,1.0,LOW
82,1,2,1.5,2,0.0,LOW
84,1,7,1.43,6,0.14,LOW
85,1,3,1.67,3,0.33,LOW
86,1,2,2.0,1,0.0,LOW
87,1,5,1.4,4,0.4,LOW
88,1,6,1.83,4,0.33,HIGH
89,1,2,2.0,2,1.0,LOW
90,1,3,2.0,3,0.33,LOW
91,1,4,1.5,4,0.5,HIGH
93,1,4,2.0,3,0.25,HIGH
94,1,1,2.0,1,0.0,LOW
95,1,1,1.0,1,0.0,LOW
96,1,2,1.5,2,0.5,LOW
99,1,1,2.0,1,0.0,LOW
100,1,3,1.33,3,0.33,LOW
101,1,4,1.5,4,0.25,HIGH
103,1,1,2.0,1,1.0,LOW
104,1,4,1.5,3,0.0,HIGH
106,1,2,2.0,2,0.0,LOW
107,1,2,1.5,2,1.0,LOW
108,1,2,1.5,2,0.5,LOW
109,1,3,2.0,2,0.67,LOW
110,1,3,1.67,3,0.0,LOW
111,1,2,2.0,2,0.0,LOW
112,1,2,1.5,2,0.0,LOW
113,1,3,2.0,2,0.0,LOW
114,1,1,2.0,1,0.0,LOW
115,1,1,2.0,1,0.0,LOW
116,1,3,1.67,3,0.33,LOW
118,1,4,1.5,4,0.25,HIGH
119,1,2,1.5,2,0.0,LOW
120,1,4,2.0,3,0.5,HIGH
121,1,2,1.5,2,0.0,LOW
122,1,5,1.6,4,0.0,HIGH
124,1,1,2.0,1,0.0,LOW
125,1,3,2.0,3,0.33,LOW
127,1,4,1.75,3,0.25,HIGH
128,1,6,2.0,3,0.33,HIGH
129,1,4,1.25,4,0.25,LOW
130,1,6,1.67,5,0.5,HIGH
131,1,9,1.67,6,0.22,HIGH
132,1,2,1.5,2,0.5,LOW
133,1,4,1.25,4,0.25,LOW
134,1,2,1.5,2,0.0,LOW
136,1,1,1.0,1,1.0,LOW
137,1,1,1.0,1,1.0,LOW
138,1,2,1.5,2,0.5,LOW
139,1,7,1.57,4,0.29,HIGH
140,1,2,1.5,2,0.0,LOW
141,1,3,1.67,3,0.0,LOW
142,1,5,1.8,3,0.6,HIGH
143,1,1,1.0,1,1.0,LOW
145,1,1,2.0,1,0.0,LOW
146,1,4,1.5,4,0.25,HIGH
147,1,3,1.67,2,0.0,LOW
148,1,2,1.5,2,0.5,LOW
149,1,1,2.0,1,0.0,LOW
150,1,3,1.33,3,0.67,LOW
151,1,2,1.0,2,0.5,LOW
152,1,3,1.33,2,0.33,LOW
153,1,3,1.33,2,0.0,LOW
155,1,1,1.0,1,0.0,LOW
156,1,3,1.67,2,0.0,LOW
157,1,1,2.0,1,0.0,LOW
158,1,4,2.0,3,0.5,HIGH
159,1,1,2.0,1,0.0,LOW
160,1,6,2.0,2,0.17,HIGH
161,1,1,1.0,1,1.0,LOW
162,1,2,2.0,2,0.5,LOW
163,1,1,1.0,1,1.0,LOW
165,1,2,2.0,2,0.0,LOW
166,1,4,1.5,3,0.25,HIGH
167,1,1,2.0,1,1.0,LOW
168,1,2,2.0,2,0.0,LOW
169,1,3,2.0,2,1.0,LOW
170,1,4,1.25,4,0.25,LOW
171,1,5,1.6,5,0.2,HIGH
173,1,7,1.57,5,0.57,HIGH
174,1,1,2.0,1,0.0,LOW
175,1,4,1.75,3,0.0,HIGH
176,1,3,1.67,3,0.67,LOW
178,1,1,1.0,1,1.0,LOW
179,1,1,2.0,1,1.0,LOW
180,1,2,2.0,2,0.0,LOW
182,1,2,1.5,2,0.0,LOW
183,1,5,1.8,3,0.6,HIGH
184,1,4,1.75,3,0.25,HIGH
186,1,1,2.0,1,0.0,LOW
187,1,1,2.0,1,1.0,LOW
188,1,4,2.0,2,0.0,HIGH
189,1,3,1.67,3,0.33,LOW
191,1,5,1.4,4,0.6,LOW
192,1,4,1.0,3,0.5,LOW
193,1,6,1.17,4,0.17,LOW
194,1,4,1.25,4,0.25,LOW
195,1,1,2.0,1,0.0,LOW
196,1,7,1.43,5,0.14,LOW
197,1,4,1.0,2,0.25,LOW
198,1,2,1.5,2,0.5,LOW
200,1,1,2.0,1,0.0,LOW
201,1,1,1.0,1,0.0,LOW
202,1,2,1.0,1,0.5,LOW
203,1,5,2.0,2,0.2,HIGH
205,1,2,1.5,2,0.5,LOW
206,1,5,1.4,5,0.2,LOW
207,1,3,1.33,3,0.33,LOW
209,1,3,1.33,2,0.0,LOW
210,1,2,1.0,2,0.0,LOW
211,1,3,1.33,3,0.33,LOW
213,1,2,1.5,2,0.5,LOW
215,1,2,1.5,2,0.5,LOW
216,1,7,1.86,5,0.29,HIGH
217,1,6,1.5,6,0.17,HIGH
218,1,4,1.5,3,0.5,HIGH
219,1,2,2.0,1,0.0,LOW
220,1,3,2.0,2,0.0,LOW
221,1,6,1.83,2,0.33,HIGH
223,1,1,1.0,1,1.0,LOW
224,1,4,1.75,3,0.25,HIGH
226,1,2,2.0,2,0.0,LOW
227,1,1,1.0,1,0.0,LOW
228,1,2,1.5,2,1.0,LOW
229,1,4,1.75,4,0.25,HIGH
230,1,1,2.0,1,1.0,LOW
231,1,1,2.0,1,0.0,LOW
233,1,4,1.5,4,0.25,HIGH
234,1,3,1.33,2,0.67,LOW
238,1,1,2.0,1,0.0,LOW
239,1,2,1.5,2,0.5,LOW
240,1,4,1.75,3,0.75,HIGH
241,1,2,2.0,2,0.0,LOW
242,1,3,2.0,2,0.33,LOW
243,1,2,2.0,2,0.0,LOW
244,1,2,2.0,2,0.0,LOW
245,1,1,2.0,1,0.0,LOW
246,1,3,2.0,2,0.33,LOW
248,1,3,1.0,2,0.67,LOW
249,1,4,1.75,4,0.25,HIGH
250,1,5,2.0,2,0.0,HIGH
251,1,1,1.0,1,0.0,LOW
252,1,5,1.2,4,0.2,LOW
253,1,6,1.83,5,0.33,HIGH
254,1,3,1.67,3,0.33,LOW
255,1,6,1.5,4,0.0,HIGH
256,1,3,1.67,2,0.0,LOW
258,1,6,1.33,4,0.33,LOW
259,1,2,2.0,2,1.0,LOW
260,1,2,2.0,2,0.0,LOW
261,1,4,1.75,3,1.0,HIGH
262,1,2,1.5,2,0.0,LOW
263,1,2,1.0,2,0.0,LOW
264,1,5,1.8,4,0.4,HIGH
265,1,4,1.25,3,0.75,LOW
266,1,4,1.75,3,0.0,HIGH
267,1,3,2.0,2,0.67,LOW
268,1,4,1.25,3,0.0,LOW
270,1,1,1.0,1,0.0,LOW
271,1,1,2.0,1,0.0,LOW
272,1,3,1.67,3,0.33,LOW
273,1,4,1.25,3,0.0,LOW
274,1,1,2.0,1,0.0,LOW
275,1,6,1.67,5,0.0,HIGH
276,1,1,2.0,1,0.0,LOW
277,1,1,1.0,1,0.0,LOW
278,1,3,1.0,3,0.33,LOW
279,1,3,1.67,3,0.33,LOW
281,1,1,2.0,1,1.0,LOW
283,1,4,2.0,3,0.25,HIGH
284,1,2,2.0,2,0.5,LOW
285,1,2,1.0,1,1.0,LOW
286,1,2,1.0,2,0.5,LOW
287,1,1,2.0,1,1.0,LOW
288,1,1,2.0,1,1.0,LOW
289,1,5,1.6,5,0.4,HIGH
290,1,5,1.6,5,0.0,HIGH
291,1,3,1.33,3,0.33,LOW
292,1,4,1.5,3,0.0,HIGH
294,1,3,1.67,3,0.33,LOW
295,1,4,1.25,4,0.0,LOW
296,1,1,2.0,1,0.0,LOW
297,1,4,1.75,4,0.5,HIGH
298,1,2,1.0,1,0.0,LOW
299,1,5,1.2,5,0.6,LOW
300,1,4,1.5,4,0.0,HIGH
301,1,5,1.4,5,0.0,LOW
303,1,2,2.0,2,0.0,LOW
304,1,4,1.5,4,0.5,HIGH
305,1,1,1.0,1,0.0,LOW
306,1,2,2.0,1,0.5,LOW
307,1,1,2.0,1,1.0,LOW
308,1,5,1.2,5,0.4,LOW
309,1,2,2.0,2,0.0,LOW
310,1,5,1.8,2,0.0,HIGH
311,1,2,1.5,2,0.5,LOW
313,1,1,1.0,1,0.0,LOW
314,1,2,1.5,2,0.5,LOW
315,1,2,1.0,2,0.5,LOW
316,1,1,2.0,1,0.0,LOW
317,1,2,1.5,2,0.0,LOW
318,1,1,2.0,1,0.0,LOW
319,1,1,1.0,1,0.0,LOW
320,1,3,2.0,2,0.0,LOW
321,1,1,1.0,1,0.0,LOW
322,1,3,2.0,1,0.0,LOW
323,1,6,1.67,6,0.33,HIGH
3,2,11,1.55,7,0.27,HIGH
4,2,2,2.0,1,0.0,LOW
5,2,4,1.25,3,0.75,LOW
6,2,1,1.0,1,0.0,LOW
7,2,5,1.8,3,0.6,HIGH
8,2,4,1.5,3,0.25,HIGH
9,2,2,1.0,2,0.5,LOW
10,2,3,2.0,2,0.33,LOW
12,2,4,1.75,3,0.25,HIGH
13,2,5,2.0,3,0.2,HIGH
14,2,3,1.67,2,0.0,LOW
15,2,2,2.0,1,0.0,LOW
17,2,5,1.8,3,0.0,HIGH
18,2,2,2.0,2,0.0,LOW
19,2,4,1.75,3,0.5,HIGH
21,2,4,2.0,3,0.25,HIGH
22,2,3,2.0,2,0.33,LOW
23,2,1,2.0,1,0.0,LOW
24,2,3,1.33,3,0.33,LOW
25,2,3,1.67,2,0.0,LOW
26,2,2,2.0,2,0.0,LOW
27,2,2,2.0,2,0.5,LOW
28,2,4,1.75,4,0.25,HIGH
29,2,7,1.86,3,0.43,HIGH
30,2,4,2.0,2,0.25,HIGH
32,2,2,2.0,1,0.0,LOW
33,2,1,2.0,1,0.0,LOW
34,2,2,1.5,2,0.0,LOW
35,2,1,1.0,1,0.0,LOW
37,2,2,2.0,1,0.5,LOW
38,2,1,2.0,1,0.0,LOW
39,2,4,1.5,4,0.0,HIGH
40,2,2,1.0,2,0.0,LOW
42,2,4,1.5,3,0.25,HIGH
43,2,4,2.0,3,0.0,HIGH
44,2,3,1.67,3,0.67,LOW
45,2,3,1.33,3,0.33,LOW
46,2,3,1.33,2,0.0,LOW
47,2,2,1.0,2,0.5,LOW
48,2,4,1.0,3,0.25,LOW
49,2,1,2.0,1,0.0,LOW
52,2,3,1.0,2,0.67,LOW
53,2,5,1.6,5,0.6,HIGH
54,2,1,2.0,1,1.0,LOW
55,2,3,1.67,3,0.67,LOW
56,2,3,1.0,2,0.0,LOW
57,2,4,1.5,4,0.25,HIGH
58,2,4,2.0,3,0.25,HIGH
59,2,3,1.0,2,0.67,LOW
60,2,5,1.4,5,0.0,LOW
62,2,4,1.75,3,0.25,HIGH
63,2,4,1.25,3,0.25,LOW
64,2,5,2.0,2,0.2,HIGH
65,2,1,2.0,1,0.0,LOW
66,2,5,1.8,4,0.8,HIGH
67,2,5,1.6,5,0.4,HIGH
68,2,1,2.0,1,0.0,LOW
69,2,4,1.75,2,0.0,HIGH
73,2,2,2.0,1,0.0,LOW
75,2,3,1.67,2,0.0,LOW
76,2,2,2.0,2,0.0,LOW
77,2,4,1.5,4,0.25,HIGH
78,2,3,2.0,3,0.0,LOW
79,2,5,1.8,4,0.4,HIGH
80,2,2,1.5,2,0.5,LOW
81,2,3,1.33,2,0.33,LOW
82,2,1,2.0,1,0.0,LOW
84,2,1,2.0,1,0.0,LOW
85,2,3,1.0,1,0.33,LOW
87,2,1,1.0,1,0.0,LOW
88,2,2,1.5,2,0.0,LOW
89,2,2,1.5,2,0.0,LOW
90,2,1,1.0,1,0.0,LOW
93,2,3,2.0,3,0.0,LOW
94,2,3,1.67,3,0.0,LOW
95,2,2,2.0,1,0.5,LOW
96,2,1,2.0,1,0.0,LOW
97,2,2,1.5,2,1.0,LOW
99,2,2,2.0,2,0.5,LOW
100,2,3,1.33,3,0.0,LOW
101,2,2,2.0,2,0.5,LOW
102,2,1,2.0,1,0.0,LOW
103,2,1,2.0,1,0.0,LOW
104,2,4,2.0,3,0.0,HIGH
106,2,4,1.5,4,0.25,HIGH
107,2,5,2.0,2,0.6,HIGH
108,2,1,2.0,1,0.0,LOW
109,2,4,1.75,3,0.5,HIGH
110,2,1,1.0,1,0.0,LOW
111,2,4,1.75,3,0.25,HIGH
112,2,1,2.0,1,0.0,LOW
113,2,4,1.5,4,0.5,HIGH
114,2,1,2.0,1,1.0,LOW
115,2,2,2.0,2,0.5,LOW
116,2,2,2.0,2,0.0,LOW
118,2,5,1.8,5,0.2,HIGH
119,2,2,1.5,2,0.0,LOW
120,2,3,1.33,3,0.33,LOW
121,2,2,2.0,1,0.5,LOW
122,2,3,2.0,2,0.33,LOW
123,2,5,2.0,2,0.4,HIGH
124,2,3,2.0,2,0.67,LOW
125,2,3,2.0,2,0.33,LOW
127,2,4,1.5,3,0.25,HIGH
128,2,2,1.5,2,0.0,LOW
129,2,1,2.0,1,0.0,LOW
130,2,9,1.78,4,0.33,HIGH
131,2,5,1.6,4,0.2,HIGH
132,2,5,1.8,4,0.2,HIGH
133,2,4,1.75,3,0.25,HIGH
134,2,2,1.0,2,0.0,LOW
136,2,6,1.83,4,0.33,HIGH
137,2,5,1.6,5,0.6,HIGH
138,2,3,1.33,3,0.33,LOW
139,2,3,1.67,3,0.67,LOW
140,2,2,1.5,2,0.0,LOW
142,2,4,1.5,3,0.0,HIGH
143,2,3,1.67,3,1.0,LOW
145,2,3,1.0,2,0.67,LOW
146,2,2,1.5,2,0.0,LOW
147,2,1,1.0,1,0.0,LOW
148,2,4,1.5,4,0.25,HIGH
149,2,2,1.5,2,0.0,LOW
150,2,4,1.25,4,0.25,LOW
151,2,2,1.5,2,0.0,LOW
152,2,4,1.5,4,0.5,HIGH
153,2,5,1.2,3,0.2,LOW
155,2,3,1.67,3,0.33,LOW
156,2,2,1.0,2,0.5,LOW
157,2,4,1.5,4,0.5,HIGH
158,2,2,1.5,2,0.5,LOW
159,2,1,2.0,1,0.0,LOW
160,2,1,2.0,1,0.0,LOW
161,2,3,1.67,3,0.67,LOW
165,2,2,1.5,2,0.0,LOW
166,2,2,1.5,2,0.0,LOW
167,2,3,2.0,3,0.0,LOW
168,2,4,1.75,3,0.25,HIGH
169,2,5,1.6,4,0.2,HIGH
170,2,2,1.5,2,0.0,LOW
171,2,1,2.0,1,0.0,LOW
172,2,3,2.0,3,0.33,LOW
173,2,2,1.5,2,1.0,LOW
174,2,2,2.0,2,0.0,LOW
175,2,5,2.0,2,0.4,HIGH
176,2,2,1.5,2,0.0,LOW
181,2,3,1.67,3,0.33,LOW
182,2,1,2.0,1,0.0,LOW
183,2,4,1.5,3,0.0,HIGH
185,2,1,2.0,1,1.0,LOW
187,2,4,1.75,3,0.0,HIGH
188,2,2,2.0,2,0.0,LOW
189,2,4,1.75,3,0.0,HIGH
191,2,5,1.4,5,0.4,LOW
193,2,4,1.5,4,0.25,HIGH
194,2,1,1.0,1,0.0,LOW
195,2,6,1.5,3,0.17,HIGH
196,2,4,1.25,2,0.25,LOW
197,2,1,2.0,1,0.0,LOW
198,2,2,1.5,2,0.0,LOW
200,2,1,2.0,1,1.0,LOW
201,2,4,1.5,2,0.25,HIGH
202,2,1,1.0,1,0.0,LOW
203,2,1,1.0,1,0.0,LOW
204,2,3,1.33,3,0.33,LOW
205,2,1,1.0,1,0.0,LOW
207,2,2,1.0,1,0.0,LOW
208,2,2,1.0,2,0.5,LOW
209,2,4,1.5,4,0.0,HIGH
213,2,2,1.5,2,0.0,LOW
214,2,8,1.63,5,0.25,HIGH
215,2,4,1.75,3,0.0,HIGH
216,2,3,2.0,2,0.33,LOW
217,2,6,2.0,3,0.33,HIGH
218,2,2,2.0,1,0.0,LOW
219,2,3,2.0,2,0.0,LOW
220,2,4,2.0,1,0.25,HIGH
221,2,5,1.6,4,0.0,HIGH
223,2,1,1.0,1,0.0,LOW
225,2,1,1.0,1,0.0,LOW
226,2,3,1.67,2,0.33,LOW
227,2,2,1.5,2,0.0,LOW
229,2,2,1.5,2,0.5,LOW
230,2,1,2.0,1,0.0,LOW
232,2,2,1.0,2,0.5,LOW
233,2,3,1.33,3,0.0,LOW
236,2,1,1.0,1,0.0,LOW
237,2,2,2.0,1,0.0,LOW
238,2,3,1.33,3,0.33,LOW
239,2,4,2.0,2,0.0,HIGH
240,2,2,2.0,2,1.0,LOW
242,2,2,2.0,2,0.0,LOW
244,2,1,1.0,1,0.0,LOW
245,2,2,1.5,2,1.0,LOW
246,2,3,1.67,3,0.33,LOW
248,2,6,1.5,4,0.67,HIGH
249,2,4,1.5,3,0.5,HIGH
250,2,5,1.8,3,0.0,HIGH
251,2,1,1.0,1,1.0,LOW
252,2,7,1.71,6,0.14,HIGH
253,2,3,1.67,2,0.0,LOW
254,2,4,1.75,3,0.25,HIGH
255,2,6,1.67,4,0.17,HIGH
256,2,5,1.4,5,0.2,LOW
258,2,2,1.5,2,0.0,LOW
259,2,3,2.0,3,0.33,LOW
260,2,3,1.33,3,0.33,LOW
261,2,1,2.0,1,1.0,LOW
262,2,6,1.33,5,0.33,LOW
263,2,1,1.0,1,0.0,LOW
264,2,4,1.75,3,0.0,HIGH
265,2,3,1.67,3,0.33,LOW
266,2,1,2.0,1,0.0,LOW
267,2,3,2.0,2,0.67,LOW
268,2,3,1.33,3,0.0,LOW
270,2,2,2.0,2,0.5,LOW
271,2,2,2.0,2,0.0,LOW
272,2,2,1.5,2,0.5,LOW
273,2,2,2.0,2,0.5,LOW
274,2,2,2.0,1,0.0,LOW
275,2,2,2.0,2,1.0,LOW
276,2,6,1.67,3,0.0,HIGH
277,2,2,2.0,2,0.0,LOW
278,2,3,2.0,2,0.33,LOW
280,2,1,2.0,1,1.0,LOW
281,2,1,2.0,1,0.0,LOW
283,2,3,1.67,3,0.0,LOW
285,2,2,1.5,2,0.5,LOW
286,2,1,1.0,1,0.0,LOW
287,2,4,1.5,3,0.5,HIGH
288,2,1,1.0,1,1.0,LOW
289,2,7,1.29,6,0.43,LOW
290,2,3,1.0,3,0.0,LOW
291,2,2,1.5,2,0.0,LOW
292,2,4,1.75,3,0.0,HIGH
294,2,3,1.33,2,0.0,LOW
295,2,3,1.33,3,0.0,LOW
296,2,3,1.33,3,0.0,LOW
297,2,1,2.0,1,1.0,LOW
298,2,2,1.5,2,1.0,LOW
299,2,5,1.8,4,0.0,HIGH
300,2,2,1.5,2,0.0,LOW
301,2,1,1.0,1,1.0,LOW
303,2,4,1.5,4,0.25,HIGH
304,2,3,1.67,2,0.33,LOW
305,2,3,1.33,3,0.33,LOW
306,2,1,2.0,1,0.0,LOW
307,2,5,1.8,4,0.0,HIGH
308,2,3,1.33,3,0.0,LOW
309,2,2,2.0,1,1.0,LOW
311,2,4,1.25,3,0.25,LOW
314,2,1,1.0,1,0.0,LOW
315,2,1,2.0,1,1.0,LOW
316,2,1,1.0,1,0.0,LOW
317,2,2,2.0,2,0.5,LOW
318,2,2,2.0,2,0.5,LOW
320,2,4,1.5,4,0.0,HIGH
321,2,1,2.0,1,1.0,LOW
322,2,1,1.0,1,0.0,LOW
3,3,7,2.0,3,0.57,HIGH
4,3,9,1.56,2,0.44,HIGH
5,3,3,1.33,3,0.0,LOW
6,3,6,1.83,2,0.33,HIGH
7,3,4,2.0,2,0.0,HIGH
8,3,5,1.2,3,0.2,LOW
9,3,6,1.67,4,0.83,HIGH
10,3,7,1.71,4,0.57,HIGH
12,3,3,1.0,3,0.0,LOW
13,3,3,1.33,3,0.33,LOW
14,3,5,1.4,4,0.2,LOW
15,3,4,2.0,2,0.5,HIGH
16,3,11,1.55,7,0.09,HIGH
17,3,6,1.67,4,0.5,HIGH
18,3,3,1.67,2,0.33,LOW
19,3,3,2.0,2,0.33,LOW
21,3,5,2.0,3,0.2,HIGH
22,3,4,1.75,3,0.0,HIGH
23,3,4,2.0,2,0.25,HIGH
24,3,4,1.0,4,0.0,LOW
25,3,4,2.0,3,0.0,HIGH
26,3,2,1.0,2,0.5,LOW
27,3,3,1.67,3,0.67,LOW
28,3,2,2.0,2,0.0,LOW
29,3,4,1.5,4,0.5,HIGH
30,3,3,2.0,3,0.0,LOW
32,3,1,1.0,1,1.0,LOW
33,3,3,2.0,2,0.0,LOW
34,3,6,1.67,3,0.17,HIGH
35,3,2,1.5,2,0.0,LOW
36,3,4,1.25,4,0.25,LOW
37,3,3,1.67,3,0.67,LOW
38,3,3,1.33,2,0.67,LOW
39,3,6,1.83,3,0.17,HIGH
40,3,1,1.0,1,1.0,LOW
42,3,2,1.5,2,0.0,LOW
43,3,8,1.38,5,0.5,HIGH
44,3,3,2.0,2,0.33,LOW
45,3,1,1.0,1,0.0,LOW
46,3,1,1.0,1,0.0,LOW
47,3,3,1.0,2,0.0,LOW
50,3,4,1.25,4,0.25,LOW
52,3,2,1.5,2,1.0,LOW
53,3,3,1.33,3,0.67,LOW
54,3,2,2.0,2,0.0,LOW
55,3,9,1.33,5,0.56,HIGH
56,3,3,1.33,3,0.33,LOW
57,3,7,1.14,5,0.14,LOW
58,3,3,1.67,3,0.33,LOW
59,3,3,1.67,3,0.0,LOW
60,3,4,1.75,4,0.25,HIGH
62,3,3,1.67,3,0.33,LOW
63,3,4,1.5,4,0.25,HIGH
64,3,4,2.0,3,0.5,HIGH
65,3,3,1.67,3,0.33,LOW
66,3,1,2.0,1,0.0,LOW
68,3,3,2.0,1,0.33,LOW
69,3,6,2.0,3,0.17,HIGH
71,3,4,1.75,4,0.0,HIGH
72,3,1,1.0,1,0.0,LOW
73,3,4,1.0,4,0.25,LOW
74,3,3,1.0,2,0.0,LOW
75,3,2,2.0,2,0.0,LOW
76,3,4,2.0,2,0.0,HIGH
77,3,3,2.0,3,0.0,LOW
78,3,3,2.0,2,0.33,LOW
79,3,5,1.4,5,0.2,LOW
80,3,4,1.75,4,0.5,HIGH
81,3,1,2.0,1,1.0,LOW
82,3,1,2.0,1,0.0,LOW
84,3,1,1.0,1,1.0,LOW
85,3,3,1.0,2,0.33,LOW
87,3,2,1.5,2,0.0,LOW
88,3,1,2.0,1,1.0,LOW
89,3,2,2.0,2,0.0,LOW
90,3,2,1.0,2,0.0,LOW
91,3,7,1.0,5,0.43,LOW
93,3,1,2.0,1,1.0,LOW
95,3,3,1.67,3,0.0,LOW
96,3,1,2.0,1,1.0,LOW
97,3,1,1.0,1,0.0,LOW
98,3,4,1.75,3,0.0,HIGH
99,3,2,1.5,2,1.0,LOW
100,3,1,1.0,1,0.0,LOW
101,3,2,2.0,2,0.0,LOW
103,3,5,1.4,4,0.6,LOW
104,3,1,2.0,1,1.0,LOW
106,3,2,1.5,2,0.5,LOW
107,3,1,2.0,1,0.0,LOW
108,3,3,1.33,3,0.33,LOW
109,3,1,1.0,1,0.0,LOW
110,3,2,2.0,2,0.0,LOW
111,3,2,1.5,2,0.5,LOW
112,3,1,1.0,1,0.0,LOW
113,3,7,1.29,5,0.57,LOW
114,3,1,1.0,1,1.0,LOW
115,3,2,2.0,1,0.5,LOW
116,3,3,2.0,2,0.33,LOW
118,3,3,2.0,2,0.0,LOW
119,3,5,1.4,5,0.4,LOW
120,3,6,1.5,5,0.0,HIGH
121,3,3,1.67,2,0.67,LOW
122,3,7,1.57,5,0.14,HIGH
123,3,2,2.0,2,0.0,LOW
124,3,4,1.75,3,0.25,HIGH
125,3,2,1.5,2,0.5,LOW
127,3,7,1.71,5,0.57,HIGH
128,3,3,2.0,3,0.33,LOW
129,3,1,2.0,1,0.0,LOW
130,3,4,2.0,2,0.5,HIGH
131,3,2,1.5,2,0.0,LOW
133,3,3,2.0,2,0.33,LOW
134,3,3,1.67,3,0.0,LOW
136,3,6,1.83,4,0.17,HIGH
137,3,6,1.67,4,0.33,HIGH
138,3,1,2.0,1,0.0,LOW
139,3,2,1.5,2,0.0,LOW
140,3,3,1.67,3,0.67,LOW
141,3,2,2.0,1,0.5,LOW
142,3,1,2.0,1,0.0,LOW
143,3,5,1.6,4,0.2,HIGH
145,3,3,1.0,2,0.0,LOW
146,3,3,1.33,2,0.33,LOW
147,3,5,1.4,4,0.4,LOW
149,3,5,1.8,5,0.4,HIGH
150,3,3,1.67,3,1.0,LOW
151,3,3,1.67,3,0.0,LOW
152,3,2,2.0,2,0.5,LOW
155,3,4,1.75,3,0.5,HIGH
156,3,3,2.0,2,0.0,LOW
157,3,4,1.5,4,0.0,HIGH
158,3,3,1.67,3,0.0,LOW
159,3,5,2.0,3,0.4,HIGH
160,3,3,1.33,3,1.0,LOW
161,3,5,1.2,5,0.6,LOW
162,3,2,2.0,1,0.5,LOW
163,3,3,1.33,3,1.0,LOW
165,3,5,1.8,4,0.2,HIGH
166,3,5,1.8,3,0.0,HIGH
167,3,4,2.0,3,0.5,HIGH
168,3,2,2.0,2,0.5,LOW
169,3,4,2.0,2,0.0,HIGH
170,3,4,1.75,3,0.25,HIGH
171,3,2,2.0,2,0.5,LOW
172,3,2,2.0,2,0.5,LOW
173,3,1,2.0,1,0.0,LOW
175,3,2,1.5,2,0.5,LOW
176,3,1,2.0,1,0.0,LOW
178,3,1,2.0,1,0.0,LOW
179,3,3,1.33,3,0.0,LOW
180,3,2,1.5,2,0.0,LOW
181,3,4,1.75,4,0.75,HIGH
182,3,1,2.0,1,0.0,LOW
183,3,2,1.5,2,0.0,LOW
184,3,8,1.5,6,0.75,HIGH
185,3,1,1.0,1,1.0,LOW
186,3,3,2.0,2,0.0,LOW
187,3,2,1.5,2,0.5,LOW
188,3,2,1.5,2,0.0,LOW
189,3,1,2.0,1,0.0,LOW
191,3,5,1.6,4,0.2,HIGH
192,3,3,1.33,2,0.33,LOW
193,3,3,1.33,3,0.67,LOW
194,3,2,1.5,2,0.0,LOW
195,3,3,1.33,3,0.33,LOW
197,3,1,2.0,1,0.0,LOW
198,3,4,1.25,4,0.75,LOW
201,3,2,1.5,2,0.5,LOW
202,3,2,2.0,2,0.5,LOW
203,3,2,1.5,2,0.0,LOW
204,3,3,1.33,3,0.0,LOW
205,3,2,2.0,2,0.0,LOW
206,3,1,1.0,1,0.0,LOW
207,3,2,1.0,1,0.0,LOW
208,3,2,1.5,2,0.5,LOW
209,3,6,1.5,5,0.17,HIGH
210,3,4,1.25,4,0.75,LOW
211,3,4,1.75,3,0.25,HIGH
213,3,3,2.0,1,0.0,LOW
214,3,4,2.0,3,0.25,HIGH
215,3,3,2.0,1,0.33,LOW
216,3,2,2.0,1,0.0,LOW
217,3,1,2.0,1,1.0,LOW
218,3,5,1.6,3,0.4,HIGH
219,3,1,1.0,1,0.0,LOW
220,3,3,1.67,3,0.33,LOW
221,3,5,1.8,3,0.6,HIGH
223,3,3,1.33,3,0.0,LOW
224,3,2,1.5,2,0.5,LOW
226,3,2,1.5,2,0.0,LOW
228,3,1,2.0,1,1.0,LOW
229,3,3,2.0,1,0.0,LOW
230,3,3,1.67,3,0.33,LOW
231,3,4,2.0,2,0.0,HIGH
232,3,3,1.33,3,0.67,LOW
233,3,1,2.0,1,1.0,LOW
234,3,2,1.5,2,0.5,LOW
236,3,2,2.0,2,0.5,LOW
237,3,2,2.0,2,0.0,LOW
239,3,1,2.0,1,0.0,LOW
240,3,2,2.0,2,0.5,LOW
241,3,2,2.0,2,0.5,LOW
242,3,1,1.0,1,0.0,LOW
243,3,2,2.0,1,0.0,LOW
244,3,1,2.0,1,0.0,LOW
245,3,9,1.78,6,0.33,HIGH
246,3,5,1.6,4,0.0,HIGH
248,3,4,1.5,4,0.25,HIGH
249,3,1,1.0,1,0.0,LOW
250,3,3,1.33,3,0.33,LOW
251,3,2,1.0,1,0.5,LOW
252,3,1,2.0,1,1.0,LOW
253,3,4,2.0,3,0.25,HIGH
254,3,6,1.67,5,0.17,HIGH
255,3,2,2.0,2,0.5,LOW
256,3,5,1.2,4,0.8,LOW
258,3,1,1.0,1,0.0,LOW
259,3,3,1.67,3,0.0,LOW
260,3,2,2.0,2,0.0,LOW
261,3,5,1.4,4,0.4,LOW
262,3,6,1.67,5,0.17,HIGH
263,3,1,1.0,1,0.0,LOW
264,3,3,1.33,3,0.0,LOW
265,3,3,1.67,3,0.33,LOW
266,3,1,2.0,1,1.0,LOW
267,3,3,1.33,3,0.0,LOW
270,3,3,2.0,2,0.33,LOW
271,3,1,1.0,1,0.0,LOW
272,3,2,1.5,2,0.5,LOW
273,3,3,1.33,3,0.0,LOW
274,3,5,1.8,5,0.6,HIGH
275,3,1,1.0,1,0.0,LOW
276,3,2,1.0,2,0.0,LOW
277,3,3,1.67,3,0.67,LOW
279,3,2,1.0,1,0.5,LOW
281,3,1,2.0,1,0.0,LOW
283,3,5,1.8,4,0.6,HIGH
284,3,2,1.5,2,0.0,LOW
285,3,3,1.67,3,0.33,LOW
287,3,2,1.5,2,0.0,LOW
288,3,3,1.67,3,0.33,LOW
289,3,4,1.75,3,0.25,HIGH
290,3,2,2.0,2,0.5,LOW
291,3,1,2.0,1,0.0,LOW
292,3,3,1.0,3,0.67,LOW
294,3,4,1.0,3,0.0,LOW
295,3,4,1.0,4,0.5,LOW
296,3,7,1.14,4,0.14,LOW
297,3,4,1.5,2,0.25,HIGH
298,3,4,1.5,4,0.25,HIGH
299,3,2,1.0,2,0.0,LOW
300,3,9,1.56,5,0.44,HIGH
301,3,2,1.0,2,0.0,LOW
303,3,5,1.6,4,0.2,HIGH
304,3,5,1.6,3,0.2,HIGH
305,3,5,1.8,3,0.2,HIGH
306,3,4,1.25,3,0.5,LOW
307,3,7,1.43,4,0.43,LOW
308,3,4,1.75,4,0.5,HIGH
309,3,2,2.0,2,0.0,LOW
310,3,5,1.8,3,0.2,HIGH
311,3,8,1.88,4,0.38,HIGH
313,3,1,2.0,1,0.0,LOW
314,3,1,1.0,1,0.0,LOW
315,3,5,1.2,3,0.2,LOW
316,3,1,1.0,1,0.0,LOW
317,3,2,1.0,2,0.5,LOW
318,3,4,1.25,4,0.5,LOW
319,3,1,1.0,1,0.0,LOW
320,3,3,2.0,2,0.0,LOW
321,3,3,1.33,3,0.67,LOW
322,3,2,2.0,2,0.5,LOW
323,3,1,1.0,1,1.0,LOW
3,4,4,1.75,4,0.5,HIGH
4,4,11,1.82,5,0.18,HIGH
5,4,10,1.6,4,0.4,HIGH
6,4,3,2.0,3,0.0,LOW
7,4,4,1.5,2,0.5,HIGH
8,4,5,1.6,3,0.4,HIGH
9,4,5,1.2,5,0.4,LOW
10,4,5,1.4,3,0.2,LOW
12,4,4,1.5,4,0.25,HIGH
13,4,7,1.57,5,0.29,HIGH
14,4,4,1.5,4,0.75,HIGH
15,4,6,1.83,4,0.17,HIGH
16,4,4,2.0,3,0.25,HIGH
17,4,6,1.5,4,0.17,HIGH
18,4,4,1.25,3,0.75,LOW
19,4,4,1.5,4,0.25,HIGH
21,4,6,1.83,3,0.5,HIGH
22,4,6,1.67,5,0.33,HIGH
23,4,6,1.5,4,0.0,HIGH
24,4,5,1.8,3,0.4,HIGH
25,4,5,1.8,2,0.0,HIGH
26,4,2,1.5,2,0.5,LOW
28,4,2,2.0,1,0.0,LOW
29,4,2,2.0,1,0.0,LOW
30,4,4,1.75,3,0.25,HIGH
32,4,3,1.67,2,0.33,LOW
33,4,5,2.0,2,0.0,HIGH
34,4,1,2.0,1,0.0,LOW
35,4,3,2.0,1,0.0,LOW
36,4,2,2.0,1,0.5,LOW
37,4,4,1.5,4,0.0,HIGH
38,4,3,1.33,3,0.33,LOW
39,4,2,1.5,2,0.0,LOW
40,4,2,1.0,2,1.0,LOW
42,4,6,1.5,5,0.33,HIGH
43,4,5,1.2,4,0.2,LOW
44,4,2,2.0,2,0.0,LOW
45,4,4,1.25,2,0.0,LOW
46,4,4,1.25,3,0.5,LOW
47,4,1,1.0,1,1.0,LOW
48,4,1,2.0,1,1.0,LOW
49,4,2,1.5,2,0.0,LOW
52,4,5,1.4,5,0.0,LOW
53,4,5,1.2,3,0.0,LOW
54,4,2,1.5,2,0.5,LOW
55,4,4,1.0,3,0.75,LOW
56,4,4,1.75,3,0.0,HIGH
57,4,3,1.0,2,0.33,LOW
58,4,3,1.67,3,0.33,LOW
59,4,1,1.0,1,1.0,LOW
60,4,6,1.67,3,0.17,HIGH
62,4,3,1.67,2,0.0,LOW
63,4,4,1.75,4,0.25,HIGH
64,4,1,2.0,1,0.0,LOW
65,4,1,1.0,1,1.0,LOW
66,4,2,1.5,2,0.5,LOW
67,4,2,2.0,2,0.0,LOW
68,4,1,2.0,1,1.0,LOW
69,4,2,2.0,1,0.5,LOW
71,4,4,1.5,4,0.25,HIGH
72,4,5,2.0,3,0.2,HIGH
73,4,2,1.0,1,1.0,LOW
74,4,2,2.0,2,0.0,LOW
75,4,3,1.67,2,0.0,LOW
76,4,1,2.0,1,1.0,LOW
77,4,1,2.0,1,0.0,LOW
78,4,2,1.5,2,0.5,LOW
79,4,1,2.0,1,0.0,LOW
80,4,1,2.0,1,0.0,LOW
81,4,2,2.0,1,0.0,LOW
82,4,1,2.0,1,0.0,LOW
84,4,3,1.67,3,0.0,LOW
86,4,5,1.4,4,0.2,LOW
87,4,2,1.5,2,0.0,LOW
88,4,3,1.67,3,0.0,LOW
89,4,2,2.0,2,0.0,LOW
90,4,3,2.0,2,0.67,LOW
91,4,2,1.5,2,0.5,LOW
93,4,3,1.33,3,0.67,LOW
95,4,1,2.0,1,0.0,LOW
96,4,2,1.0,2,0.0,LOW
97,4,3,2.0,3,0.33,LOW
99,4,2,1.0,1,0.5,LOW
100,4,1,2.0,1,0.0,LOW
101,4,1,2.0,1,0.0,LOW
102,4,2,1.5,2,0.5,LOW
103,4,2,1.5,2,0.5,LOW
104,4,2,2.0,2,0.0,LOW
106,4,1,2.0,1,1.0,LOW
107,4,2,1.5,2,0.0,LOW
108,4,2,2.0,2,0.5,LOW
110,4,1,2.0,1,0.0,LOW
111,4,2,1.5,2,0.0,LOW
112,4,2,1.5,2,0.0,LOW
113,4,2,1.5,2,0.5,LOW
114,4,5,1.8,4,0.0,HIGH
115,4,4,1.5,3,0.25,HIGH
116,4,3,2.0,1,0.33,LOW
118,4,5,1.8,3,0.4,HIGH
120,4,4,1.5,3,0.75,HIGH
121,4,1,2.0,1,0.0,LOW
122,4,2,1.5,2,1.0,LOW
123,4,3,2.0,2,0.33,LOW
124,4,3,1.67,2,0.33,LOW
125,4,4,1.75,3,0.5,HIGH
127,4,3,1.67,3,0.33,LOW
128,4,4,1.5,4,0.5,HIGH
129,4,4,1.5,2,0.0,HIGH
130,4,5,1.4,3,0.4,LOW
132,4,3,1.33,2,0.33,LOW
133,4,5,1.4,4,0.4,LOW
134,4,2,2.0,2,0.5,LOW
136,4,3,2.0,2,0.67,LOW
137,4,6,1.67,4,0.33,HIGH
138,4,3,1.33,3,0.0,LOW
139,4,3,1.0,3,0.33,LOW
140,4,5,1.8,4,0.0,HIGH
141,4,3,1.33,3,0.67,LOW
142,4,4,2.0,2,0.25,HIGH
143,4,3,1.67,3,0.67,LOW
145,4,3,1.0,3,0.0,LOW
146,4,7,1.29,4,0.43,LOW
147,4,3,1.0,2,0.67,LOW
148,4,1,1.0,1,1.0,LOW
149,4,3,1.33,3,0.0,LOW
151,4,4,1.5,3,0.0,HIGH
152,4,1,1.0,1,0.0,LOW
153,4,2,1.0,1,0.5,LOW
155,4,2,1.5,2,0.0,LOW
156,4,2,1.5,2,0.0,LOW
157,4,1,1.0,1,1.0,LOW
158,4,2,2.0,2,1.0,LOW
159,4,2,1.0,2,0.0,LOW
160,4,5,1.4,4,0.4,LOW
161,4,3,2.0,2,0.33,LOW
162,4,2,2.0,2,0.5,LOW
163,4,3,1.33,3,0.0,LOW
165,4,4,1.5,3,0.5,HIGH
166,4,7,1.71,6,0.29,HIGH
167,4,4,1.75,3,0.5,HIGH
168,4,2,2.0,2,0.5,LOW
169,4,3,1.33,3,0.33,LOW
170,4,3,1.67,2,0.67,LOW
171,4,4,2.0,3,0.5,HIGH
172,4,2,1.5,2,0.0,LOW
173,4,5,1.8,4,0.4,HIGH
174,4,2,1.0,1,0.5,LOW
175,4,4,2.0,2,0.25,HIGH
176,4,2,2.0,2,0.5,LOW
178,4,2,1.5,2,1.0,LOW
179,4,3,1.67,3,0.0,LOW
180,4,3,1.67,3,0.67,LOW
181,4,1,2.0,1,0.0,LOW
182,4,1,1.0,1,0.0,LOW
183,4,1,1.0,1,1.0,LOW
185,4,1,2.0,1,0.0,LOW
186,4,2,2.0,2,0.5,LOW
187,4,1,2.0,1,1.0,LOW
188,4,2,1.5,2,0.5,LOW
189,4,3,1.67,3,0.33,LOW
191,4,6,1.5,4,0.33,HIGH
192,4,2,1.0,2,0.0,LOW
193,4,6,1.5,4,0.17,HIGH
194,4,1,2.0,1,1.0,LOW
195,4,3,1.67,3,0.0,LOW
196,4,1,1.0,1,1.0,LOW
197,4,6,1.17,5,0.17,LOW
198,4,2,1.0,2,0.5,LOW
200,4,5,1.6,5,0.2,HIGH
201,4,2,1.5,2,0.0,LOW
202,4,1,1.0,1,0.0,LOW
204,4,1,2.0,1,0.0,LOW
205,4,4,1.5,3,0.25,HIGH
206,4,2,1.5,2,0.0,LOW
207,4,1,2.0,1,0.0,LOW
208,4,3,1.33,3,0.0,LOW
209,4,6,1.67,6,0.17,HIGH
210,4,3,1.33,3,0.67,LOW
211,4,3,1.67,3,0.67,LOW
213,4,3,1.67,3,0.0,LOW
214,4,5,1.6,4,0.2,HIGH
215,4,8,1.5,5,0.38,HIGH
216,4,6,1.33,4,0.17,LOW
217,4,2,2.0,2,0.5,LOW
218,4,4,2.0,1,0.0,HIGH
219,4,1,2.0,1,1.0,LOW
220,4,4,2.0,2,0.0,HIGH
221,4,6,2.0,1,0.0,HIGH
223,4,2,1.0,2,1.0,LOW
224,4,2,2.0,2,0.5,LOW
225,4,4,1.25,4,0.0,LOW
226,4,1,1.0,1,1.0,LOW
227,4,2,2.0,2,0.5,LOW
228,4,1,2.0,1,0.0,LOW
231,4,5,1.4,4,0.6,LOW
232,4,3,1.67,2,0.67,LOW
234,4,1,1.0,1,0.0,LOW
236,4,8,1.88,4,0.13,HIGH
237,4,1,1.0,1,0.0,LOW
238,4,1,2.0,1,0.0,LOW
239,4,3,2.0,1,0.0,LOW
241,4,2,1.5,2,0.0,LOW
242,4,6,1.67,5,0.17,HIGH
244,4,1,1.0,1,0.0,LOW
245,4,1,1.0,1,0.0,LOW
246,4,2,2.0,1,0.5,LOW
248,4,4,1.5,3,0.0,HIGH
249,4,4,1.5,4,0.5,HIGH
250,4,5,1.6,4,0.4,HIGH
251,4,5,1.4,4,0.0,LOW
252,4,6,1.5,6,0.17,HIGH
253,4,3,1.0,2,0.0,LOW
254,4,6,1.5,4,0.5,HIGH
255,4,5,1.6,5,0.2,HIGH
256,4,1,2.0,1,0.0,LOW
259,4,7,1.57,7,0.14,HIGH
260,4,3,1.33,3,0.67,LOW
261,4,4,1.75,3,0.25,HIGH
262,4,3,2.0,2,0.33,LOW
263,4,2,1.0,2,0.0,LOW
264,4,3,1.67,3,0.67,LOW
265,4,5,1.8,4,0.2,HIGH
266,4,4,1.5,3,0.25,HIGH
268,4,2,2.0,2,1.0,LOW
270,4,4,1.5,3,0.5,HIGH
271,4,1,2.0,1,0.0,LOW
272,4,2,2.0,2,0.5,LOW
274,4,1,2.0,1,0.0,LOW
275,4,2,1.5,2,0.0,LOW
278,4,2,1.5,2,1.0,LOW
279,4,2,1.0,2,1.0,LOW
281,4,3,1.67,3,0.33,LOW
283,4,3,2.0,3,0.33,LOW
284,4,2,1.5,2,0.5,LOW
285,4,4,1.25,2,0.5,LOW
286,4,4,1.25,3,0.0,LOW
287,4,3,1.67,3,0.33,LOW
288,4,1,1.0,1,0.0,LOW
289,4,2,1.0,2,0.0,LOW
290,4,1,2.0,1,0.0,LOW
291,4,1,2.0,1,0.0,LOW
292,4,6,1.83,4,0.33,HIGH
295,4,4,1.25,4,0.25,LOW
296,4,2,1.5,2,0.0,LOW
297,4,3,1.67,2,0.33,LOW
298,4,3,1.0,3,0.33,LOW
299,4,3,1.67,3,0.0,LOW
300,4,3,1.67,3,0.0,LOW
301,4,3,1.67,3,0.0,LOW
303,4,1,1.0,1,0.0,LOW
304,4,2,1.5,2,0.0,LOW
305,4,6,1.83,4,0.5,HIGH
306,4,1,1.0,1,0.0,LOW
307,4,2,2.0,2,0.0,LOW
308,4,6,1.5,4,0.17,HIGH
309,4,3,1.67,3,0.33,LOW
310,4,6,1.5,4,0.33,HIGH
311,4,2,2.0,1,0.0,LOW
313,4,4,2.0,3,0.0,HIGH
314,4,1,2.0,1,0.0,LOW
315,4,1,2.0,1,0.0,LOW
316,4,4,1.75,4,0.25,HIGH
317,4,4,1.25,3,0.0,LOW
318,4,2,2.0,2,0.0,LOW
319,4,4,1.75,3,0.75,HIGH
320,4,3,1.33,3,0.67,LOW
321,4,1,2.0,1,1.0,LOW
323,4,3,2.0,3,0.0,LOW
3,5,5,1.6,4,0.0,HIGH
4,5,3,1.67,2,0.33,LOW
5,5,3,1.33,3,0.0,LOW
6,5,8,1.63,4,0.38,HIGH
7,5,5,1.2,3,0.2,LOW
8,5,4,1.75,3,0.0,HIGH
9,5,8,1.88,4,0.38,HIGH
10,5,2,1.5,2,0.5,LOW
12,5,5,1.8,3,0.4,HIGH
13,5,5,1.8,3,0.4,HIGH
14,5,8,1.5,7,0.13,HIGH
15,5,2,1.5,2,0.5,LOW
17,5,5,2.0,3,0.0,HIGH
18,5,5,1.8,3,0.4,HIGH
19,5,5,1.8,3,0.6,HIGH
21,5,3,2.0,2,0.33,LOW
23,5,4,1.25,3,0.0,LOW
24,5,5,1.8,3,0.4,HIGH
25,5,3,1.67,2,0.67,LOW
26,5,1,1.0,1,0.0,LOW
27,5,4,1.75,3,0.75,HIGH
28,5,3,1.67,2,0.33,LOW
29,5,2,2.0,2,1.0,LOW
30,5,3,2.0,1,0.33,LOW
33,5,4,2.0,3,0.25,HIGH
35,5,6,1.5,6,0.17,HIGH
36,5,2,1.5,2,0.0,LOW
37,5,2,1.5,2,0.0,LOW
38,5,3,2.0,3,0.67,LOW
39,5,5,1.8,4,0.0,HIGH
42,5,2,1.5,2,0.5,LOW
43,5,3,1.0,3,0.33,LOW
44,5,1,1.0,1,0.0,LOW
45,5,2,1.5,2,0.5,LOW
46,5,4,2.0,4,0.25,HIGH
47,5,4,2.0,2,0.25,HIGH
48,5,3,1.0,3,0.0,LOW
49,5,4,1.5,3,0.0,HIGH
50,5,2,1.0,2,0.5,LOW
52,5,4,1.5,4,0.25,HIGH
54,5,3,1.67,3,0.67,LOW
55,5,1,1.0,1,1.0,LOW
56,5,3,2.0,2,0.0,LOW
57,5,2,1.0,2,0.5,LOW
58,5,2,1.5,2,1.0,LOW
59,5,4,1.0,3,0.25,LOW
60,5,5,1.2,4,0.6,LOW
62,5,4,1.75,4,0.25,HIGH
64,5,2,2.0,2,0.0,LOW
65,5,2,2.0,2,0.0,LOW
66,5,2,1.5,2,0.0,LOW
67,5,4,1.5,3,0.25,HIGH
68,5,5,1.4,4,0.2,LOW
69,5,2,2.0,2,1.0,LOW
72,5,3,1.67,3,0.33,LOW
73,5,1,2.0,1,1.0,LOW
74,5,3,1.67,3,0.33,LOW
75,5,3,1.67,2,0.0,LOW
76,5,2,2.0,2,1.0,LOW
77,5,4,2.0,4,0.25,HIGH
78,5,3,1.67,3,0.33,LOW
79,5,2,2.0,2,0.5,LOW
80,5,2,2.0,2,0.0,LOW
81,5,2,1.5,2,0.5,LOW
82,5,2,2.0,2,0.5,LOW
84,5,2,2.0,2,0.5,LOW
85,5,3,1.67,3,0.33,LOW
86,5,3,2.0,2,0.33,LOW
87,5,4,1.0,3,0.25,LOW
89,5,7,1.43,6,0.14,LOW
90,5,4,1.25,4,0.25,LOW
91,5,2,1.5,2,1.0,LOW
93,5,3,2.0,2,0.67,LOW
94,5,3,1.67,3,0.33,LOW
95,5,4,1.75,3,0.25,HIGH
97,5,2,2.0,2,0.0,LOW
99,5,1,2.0,1,0.0,LOW
100,5,1,2.0,1,0.0,LOW
101,5,1,2.0,1,1.0,LOW
102,5,1,2.0,1,0.0,LOW
103,5,4,1.5,3,0.25,HIGH
104,5,2,2.0,2,0.5,LOW
107,5,4,1.75,2,0.0,HIGH
108,5,1,2.0,1,0.0,LOW
109,5,1,2.0,1,1.0,LOW
110,5,3,1.67,2,0.0,LOW
111,5,3,1.33,3,0.67,LOW
112,5,2,2.0,2,0.5,LOW
113,5,4,1.5,3,0.5,HIGH
114,5,1,1.0,1,0.0,LOW
115,5,3,1.33,2,0.0,LOW
118,5,6,1.5,6,0.33,HIGH
119,5,5,1.8,4,0.0,HIGH
120,5,6,1.67,4,0.0,HIGH
121,5,1,2.0,1,0.0,LOW
122,5,1,2.0,1,1.0,LOW
123,5,1,1.0,1,0.0,LOW
124,5,2,2.0,1,0.5,LOW
125,5,4,2.0,3,0.25,HIGH
127,5,5,1.4,4,0.4,LOW
128,5,9,1.67,7,0.44,HIGH
129,5,1,1.0,1,0.0,LOW
130,5,2,2.0,2,0.5,LOW
131,5,3,1.33,3,0.33,LOW
132,5,4,1.0,3,0.25,LOW
133,5,6,1.5,5,0.33,HIGH
134,5,5,1.2,3,0.2,LOW
136,5,5,1.2,4,0.8,LOW
137,5,1,1.0,1,0.0,LOW
138,5,2,1.5,2,0.5,LOW
139,5,7,1.71,6,0.29,HIGH
140,5,3,2.0,3,0.0,LOW
141,5,4,2.0,4,0.0,HIGH
142,5,4,1.5,4,0.75,HIGH
145,5,1,2.0,1,1.0,LOW
146,5,4,1.0,3,0.25,LOW
148,5,5,1.8,3,0.2,HIGH
149,5,1,1.0,1,0.0,LOW
151,5,1,1.0,1,0.0,LOW
152,5,2,1.0,1,0.5,LOW
153,5,3,1.33,3,0.0,LOW
155,5,2,1.5,2,1.0,LOW
156,5,1,2.0,1,1.0,LOW
157,5,2,2.0,2,0.0,LOW
158,5,1,1.0,1,0.0,LOW
160,5,7,1.43,7,0.14,LOW
161,5,3,2.0,3,0.33,LOW
162,5,3,1.33,3,0.33,LOW
163,5,5,1.6,5,0.2,HIGH
165,5,1,1.0,1,0.0,LOW
166,5,2,1.0,2,0.0,LOW
167,5,5,1.8,4,0.2,HIGH
168,5,4,1.75,3,0.75,HIGH
169,5,2,2.0,2,0.5,LOW
170,5,2,2.0,2,0.0,LOW
171,5,2,1.5,2,0.0,LOW
172,5,3,1.33,3,0.67,LOW
173,5,2,2.0,2,0.0,LOW
174,5,5,1.8,3,0.2,HIGH
175,5,7,1.71,5,0.43,HIGH
176,5,2,1.5,2,0.5,LOW
178,5,2,2.0,2,0.5,LOW
179,5,1,2.0,1,0.0,LOW
180,5,2,1.0,2,0.5,LOW
181,5,3,1.67,3,0.33,LOW
182,5,1,2.0,1,1.0,LOW
183,5,3,2.0,2,0.67,LOW
185,5,1,1.0,1,1.0,LOW
186,5,2,1.0,2,0.0,LOW
187,5,2,1.5,2,0.0,LOW
189,5,1,2.0,1,0.0,LOW
191,5,3,1.33,3,0.0,LOW
192,5,3,1.33,3,0.33,LOW
193,5,3,1.0,2,0.33,LOW
194,5,2,1.0,2,0.0,LOW
195,5,2,1.5,2,0.0,LOW
197,5,3,1.67,3,0.0,LOW
198,5,5,1.4,4,0.0,LOW
200,5,1,2.0,1,0.0,LOW
201,5,2,1.5,2,0.5,LOW
202,5,3,1.33,3,0.67,LOW
204,5,1,1.0,1,0.0,LOW
205,5,2,1.5,2,1.0,LOW
206,5,2,2.0,2,0.5,LOW
207,5,3,1.33,3,0.67,LOW
208,5,2,2.0,2,0.0,LOW
210,5,1,1.0,1,0.0,LOW
211,5,2,1.5,2,0.5,LOW
213,5,3,2.0,3,0.67,LOW
214,5,8,1.63,5,0.38,HIGH
215,5,2,1.5,2,0.5,LOW
216,5,6,2.0,2,0.17,HIGH
217,5,6,1.83,3,0.17,HIGH
218,5,4,1.75,3,0.5,HIGH
219,5,5,1.8,3,0.6,HIGH
220,5,5,1.8,4,0.2,HIGH
221,5,10,1.7,7,0.4,HIGH
223,5,5,1.4,4,0.6,LOW
224,5,4,1.5,4,0.5,HIGH
225,5,2,1.5,2,0.0,LOW
226,5,1,2.0,1,0.0,LOW
227,5,1,2.0,1,0.0,LOW
229,5,2,1.5,2,0.5,LOW
230,5,1,2.0,1,0.0,LOW
231,5,1,2.0,1,0.0,LOW
232,5,2,2.0,2,0.5,LOW
233,5,3,1.67,2,0.67,LOW
234,5,2,1.5,2,0.5,LOW
236,5,1,2.0,1,0.0,LOW
237,5,3,2.0,2,0.0,LOW
238,5,5,1.8,4,0.6,HIGH
239,5,1,2.0,1,1.0,LOW
240,5,4,1.75,2,0.25,HIGH
241,5,1,2.0,1,1.0,LOW
242,5,1,2.0,1,0.0,LOW
244,5,1,1.0,1,1.0,LOW
245,5,1,2.0,1,0.0,LOW
246,5,2,1.5,2,0.5,LOW
248,5,3,1.33,2,0.33,LOW
249,5,6,1.0,2,0.17,LOW
250,5,3,1.33,2,0.33,LOW
251,5,3,2.0,2,0.67,LOW
252,5,2,1.0,2,0.5,LOW
253,5,4,1.5,3,0.75,HIGH
254,5,4,1.5,3,0.5,HIGH
255,5,3,1.67,2,0.67,LOW
256,5,7,1.29,6,0.14,LOW
259,5,1,1.0,1,0.0,LOW
260,5,2,1.5,2,0.0,LOW
261,5,2,2.0,1,0.5,LOW
262,5,7,1.71,4,0.57,HIGH
263,5,2,1.5,2,0.0,LOW
264,5,5,1.4,2,0.2,LOW
265,5,2,1.5,2,0.5,LOW
266,5,2,1.5,2,1.0,LOW
267,5,6,1.83,3,0.5,HIGH
268,5,5,1.6,4,0.2,HIGH
270,5,1,1.0,1,0.0,LOW
272,5,1,2.0,1,0.0,LOW
273,5,1,2.0,1,0.0,LOW
274,5,3,1.33,3,0.33,LOW
277,5,2,1.5,2,0.5,LOW
278,5,2,2.0,1,0.5,LOW
280,5,3,1.67,3,0.0,LOW
281,5,3,1.67,3,0.67,LOW
283,5,7,1.71,5,0.29,HIGH
284,5,3,1.67,3,0.67,LOW
286,5,1,2.0,1,0.0,LOW
287,5,6,1.83,6,0.83,HIGH
288,5,2,1.5,2,0.5,LOW
289,5,3,1.67,3,0.0,LOW
290,5,1,1.0,1,1.0,LOW
291,5,4,1.5,4,0.5,HIGH
292,5,2,2.0,2,0.0,LOW
294,5,4,1.75,4,0.5,HIGH
295,5,5,1.4,5,0.2,LOW
296,5,3,1.67,2,0.0,LOW
297,5,8,1.63,5,0.13,HIGH
298,5,2,1.5,2,1.0,LOW
299,5,2,1.5,2,0.5,LOW
300,5,6,1.5,4,0.33,HIGH
301,5,6,1.5,5,0.33,HIGH
303,5,1,2.0,1,1.0,LOW
304,5,4,1.5,4,0.5,HIGH
305,5,3,1.33,3,0.33,LOW
306,5,5,1.4,3,0.6,LOW
307,5,4,1.75,3,0.5,HIGH
308,5,4,1.75,2,0.25,HIGH
309,5,3,1.33,3,0.33,LOW
310,5,5,1.2,3,0.4,LOW
311,5,6,1.83,4,0.17,HIGH
313,5,2,2.0,2,1.0,LOW
314,5,1,1.0,1,0.0,LOW
315,5,2,1.0,2,0.0,LOW
316,5,2,1.5,2,1.0,LOW
317,5,1,1.0,1,1.0,LOW
318,5,2,1.0,2,0.0,LOW
319,5,3,1.67,3,0.67,LOW
320,5,3,1.67,3,0.0,LOW
321,5,2,1.0,2,0.0,LOW
322,5,3,1.67,3,0.33,LOW
323,5,1,1.0,1,0.0,LOW
3,6,4,2.0,3,0.0,HIGH
4,6,6,1.67,4,0.17,HIGH
5,6,6,1.83,4,0.17,HIGH
6,6,6,1.83,3,0.17,HIGH
7,6,6,1.5,4,0.17,HIGH
8,6,6,1.17,4,0.0,LOW
9,6,2,1.5,2,0.0,LOW
10,6,3,1.33,3,0.33,LOW
12,6,4,1.5,3,0.0,HIGH
13,6,2,2.0,1,0.5,LOW
14,6,3,1.67,3,0.33,LOW
15,6,4,1.75,2,0.5,HIGH
16,6,10,1.5,5,0.3,HIGH
17,6,3,2.0,2,0.33,LOW
18,6,2,1.5,2,0.5,LOW
19,6,8,1.63,5,0.38,HIGH
21,6,3,1.33,3,0.0,LOW
22,6,7,2.0,4,0.43,HIGH
23,6,2,2.0,1,0.0,LOW
24,6,5,1.6,3,0.2,HIGH
25,6,4,1.5,4,0.5,HIGH
27,6,3,1.67,2,0.33,LOW
28,6,2,2.0,2,0.5,LOW
29,6,3,1.67,2,0.67,LOW
30,6,2,2.0,1,0.0,LOW
32,6,3,2.0,3,0.0,LOW
33,6,2,2.0,1,0.0,LOW
34,6,1,2.0,1,1.0,LOW
35,6,1,2.0,1,0.0,LOW
36,6,1,2.0,1,0.0,LOW
37,6,4,1.75,2,0.25,HIGH
39,6,7,1.71,3,0.14,HIGH
40,6,3,1.33,3,0.0,LOW
43,6,5,1.2,3,0.4,LOW
44,6,5,1.6,3,0.4,HIGH
45,6,4,1.75,4,0.25,HIGH
46,6,5,1.6,5,0.4,HIGH
47,6,5,1.4,4,0.2,LOW
48,6,1,1.0,1,0.0,LOW
50,6,1,1.0,1,0.0,LOW
52,6,4,1.25,4,0.0,LOW
53,6,1,2.0,1,0.0,LOW
54,6,5,1.4,4,0.4,LOW
55,6,3,1.67,3,0.33,LOW
56,6,2,1.0,2,0.0,LOW
57,6,4,1.75,3,0.25,HIGH
58,6,5,1.8,4,0.2,HIGH
60,6,4,1.25,3,0.5,LOW
63,6,4,1.5,4,0.25,HIGH
64,6,5,2.0,4,0.2,HIGH
65,6,5,1.8,3,0.4,HIGH
66,6,3,1.67,2,0.67,LOW
67,6,3,1.33,3,0.0,LOW
68,6,4,1.5,4,0.5,HIGH
69,6,3,2.0,2,0.0,LOW
71,6,2,1.5,2,0.0,LOW
72,6,2,1.0,2,0.5,LOW
73,6,2,1.5,2,0.0,LOW
74,6,3,1.67,3,0.33,LOW
75,6,3,1.67,3,0.33,LOW
76,6,4,1.75,3,0.0,HIGH
77,6,3,1.67,3,0.67,LOW
78,6,3,1.67,3,0.0,LOW
80,6,1,1.0,1,0.0,LOW
81,6,2,1.5,2,0.5,LOW
82,6,4,2.0,3,0.75,HIGH
84,6,3,2.0,3,0.33,LOW
85,6,5,1.2,4,0.2,LOW
86,6,1,1.0,1,0.0,LOW
87,6,3,1.33,2,0.0,LOW
88,6,2,1.5,2,0.5,LOW
89,6,7,1.29,5,0.14,LOW
90,6,4,1.5,3,0.5,HIGH
91,6,3,1.67,3,0.0,LOW
93,6,2,2.0,1,0.5,LOW
94,6,1,2.0,1,0.0,LOW
95,6,4,2.0,3,0.0,HIGH
96,6,1,1.0,1,1.0,LOW
97,6,2,1.5,2,0.5,LOW
98,6,3,1.33,3,0.67,LOW
99,6,3,2.0,3,0.67,LOW
100,6,1,2.0,1,0.0,LOW
101,6,3,2.0,2,0.0,LOW
102,6,2,1.5,2,0.5,LOW
103,6,2,1.0,2,0.0,LOW
104,6,1,1.0,1,1.0,LOW
106,6,2,1.5,2,0.0,LOW
107,6,2,1.5,2,0.0,LOW
108,6,1,2.0,1,1.0,LOW
109,6,4,1.75,3,0.25,HIGH
110,6,4,1.5,4,0.75,HIGH
112,6,4,1.75,2,0.25,HIGH
113,6,2,2.0,2,0.5,LOW
114,6,4,2.0,3,0.5,HIGH
115,6,1,2.0,1,1.0,LOW
116,6,1,2.0,1,0.0,LOW
118,6,5,1.8,3,0.0,HIGH
119,6,6,1.5,4,0.5,HIGH
120,6,4,1.5,3,0.25,HIGH
121,6,3,1.0,3,0.67,LOW
123,6,3,2.0,2,0.33,LOW
124,6,5,1.8,3,0.4,HIGH
125,6,3,1.67,3,0.67,LOW
127,6,6,1.5,5,0.5,HIGH
128,6,2,1.5,2,0.5,LOW
129,6,2,1.5,2,0.5,LOW
130,6,7,1.71,6,0.71,HIGH
132,6,2,1.0,2,0.0,LOW
133,6,3,2.0,3,0.33,LOW
134,6,6,1.5,4,0.5,HIGH
136,6,2,2.0,2,0.0,LOW
137,6,3,2.0,3,0.0,LOW
138,6,4,1.5,4,0.25,HIGH
139,6,4,1.5,2,0.0,HIGH
140,6,1,2.0,1,1.0,LOW
141,6,5,1.6,4,0.4,HIGH
142,6,2,1.5,2,0.5,LOW
143,6,8,1.75,6,0.13,HIGH
145,6,6,1.5,5,0.17,HIGH
146,6,2,1.5,2,0.5,LOW
147,6,1,2.0,1,0.0,LOW
148,6,6,1.5,4,0.33,HIGH
149,6,4,1.25,3,0.25,LOW
150,6,5,1.4,3,0.4,LOW
151,6,1,1.0,1,0.0,LOW
152,6,4,1.0,3,0.25,LOW
153,6,6,1.33,4,0.33,LOW
155,6,1,1.0,1,1.0,LOW
156,6,5,1.6,5,0.4,HIGH
157,6,3,1.67,3,0.0,LOW
158,6,3,1.67,3,0.0,LOW
159,6,4,1.5,4,0.25,HIGH
160,6,4,1.5,3,0.75,HIGH
161,6,6,1.5,4,0.0,HIGH
162,6,2,2.0,2,0.0,LOW
163,6,2,2.0,2,0.5,LOW
165,6,3,2.0,2,0.0,LOW
166,6,5,1.6,4,0.0,HIGH
167,6,3,2.0,3,0.0,LOW
168,6,3,2.0,3,0.33,LOW
169,6,2,1.5,2,0.5,LOW
171,6,5,1.8,4,0.4,HIGH
172,6,3,1.67,3,0.33,LOW
173,6,2,2.0,1,0.5,LOW
174,6,1,1.0,1,0.0,LOW
175,6,3,2.0,3,0.33,LOW
176,6,3,1.67,2,0.0,LOW
178,6,3,1.67,3,0.0,LOW
179,6,3,2.0,3,0.0,LOW
181,6,5,2.0,3,0.4,HIGH
182,6,2,2.0,2,0.0,LOW
183,6,6,1.83,4,0.33,HIGH
184,6,3,1.33,3,0.0,LOW
185,6,3,1.67,3,0.33,LOW
186,6,3,1.67,3,0.33,LOW
187,6,4,2.0,3,0.0,HIGH
188,6,4,1.75,3,0.0,HIGH
189,6,4,1.75,3,0.5,HIGH
191,6,4,1.25,3,0.0,LOW
192,6,2,1.5,2,0.0,LOW
193,6,6,1.67,5,0.5,HIGH
194,6,1,2.0,1,0.0,LOW
195,6,2,1.5,2,0.0,LOW
196,6,4,1.5,4,0.25,HIGH
197,6,3,1.33,3,0.67,LOW
198,6,2,1.0,1,0.0,LOW
200,6,3,1.67,3,0.33,LOW
201,6,2,1.5,2,0.0,LOW
202,6,7,1.29,6,0.29,LOW
203,6,5,1.4,3,0.0,LOW
207,6,3,1.0,1,0.33,LOW
208,6,1,1.0,1,1.0,LOW
209,6,2,1.0,1,1.0,LOW
210,6,3,1.0,2,0.0,LOW
211,6,1,1.0,1,1.0,LOW
213,6,7,1.57,3,0.43,HIGH
214,6,4,1.75,3,0.0,HIGH
215,6,4,1.75,3,0.0,HIGH
216,6,4,1.75,4,0.25,HIGH
217,6,3,1.33,3,0.33,LOW
218,6,4,1.75,2,0.25,HIGH
220,6,2,2.0,2,1.0,LOW
221,6,3,2.0,1,0.0,LOW
225,6,1,2.0,1,1.0,LOW
226,6,3,1.67,3,0.0,LOW
227,6,2,1.5,2,1.0,LOW
229,6,1,2.0,1,0.0,LOW
230,6,1,2.0,1,0.0,LOW
231,6,2,1.0,2,0.5,LOW
234,6,2,2.0,2,0.0,LOW
236,6,2,2.0,1,1.0,LOW
237,6,2,1.5,2,0.0,LOW
238,6,3,1.67,2,0.0,LOW
239,6,2,1.0,2,0.0,LOW
240,6,1,1.0,1,0.0,LOW
241,6,1,2.0,1,0.0,LOW
242,6,1,1.0,1,0.0,LOW
243,6,2,2.0,2,0.0,LOW
244,6,1,2.0,1,0.0,LOW
245,6,4,2.0,1,0.25,HIGH
246,6,2,2.0,2,0.0,LOW
248,6,1,1.0,1,0.0,LOW
249,6,5,1.2,4,0.6,LOW
250,6,2,2.0,1,0.5,LOW
251,6,3,1.0,2,0.33,LOW
252,6,3,1.0,2,0.67,LOW
253,6,3,1.67,3,0.33,LOW
254,6,2,1.5,2,0.5,LOW
255,6,3,2.0,3,0.0,LOW
256,6,7,1.29,4,0.14,LOW
258,6,5,1.8,4,0.2,HIGH
259,6,2,1.5,2,0.0,LOW
260,6,4,1.25,3,0.5,LOW
261,6,2,2.0,2,0.0,LOW
263,6,6,1.83,5,0.33,HIGH
264,6,2,1.5,2,0.0,LOW
265,6,4,1.5,4,0.5,HIGH
266,6,4,1.25,2,0.25,LOW
268,6,6,1.33,4,0.33,LOW
270,6,1,1.0,1,0.0,LOW
271,6,3,2.0,2,0.0,LOW
272,6,2,1.5,2,0.0,LOW
273,6,1,2.0,1,0.0,LOW
274,6,1,2.0,1,0.0,LOW
275,6,1,1.0,1,0.0,LOW
276,6,1,1.0,1,1.0,LOW
278,6,1,1.0,1,1.0,LOW
279,6,2,2.0,2,0.0,LOW
280,6,2,2.0,2,0.0,LOW
281,6,4,1.25,4,0.25,LOW
283,6,1,2.0,1,0.0,LOW
284,6,1,2.0,1,1.0,LOW
285,6,4,1.75,2,0.25,HIGH
286,6,3,1.0,3,0.33,LOW
287,6,2,1.5,2,0.0,LOW
288,6,3,1.33,3,0.33,LOW
289,6,3,2.0,3,0.0,LOW
290,6,5,1.4,4,0.2,LOW
291,6,2,1.5,2,0.5,LOW
292,6,3,2.0,3,0.0,LOW
294,6,5,1.2,3,0.2,LOW
295,6,3,2.0,2,0.0,LOW
296,6,4,1.25,4,0.25,LOW
297,6,3,1.33,3,0.33,LOW
298,6,3,1.33,3,0.0,LOW
299,6,2,1.5,2,0.0,LOW
300,6,2,2.0,1,0.0,LOW
301,6,5,1.4,4,0.2,LOW
303,6,4,1.5,3,0.0,HIGH
304,6,5,1.6,3,0.4,HIGH
305,6,4,1.5,3,0.0,HIGH
306,6,3,1.67,2,0.33,LOW
307,6,4,1.5,4,0.25,HIGH
308,6,3,2.0,1,0.67,LOW
309,6,1,1.0,1,0.0,LOW
310,6,4,1.5,4,0.0,HIGH
311,6,3,1.67,2,0.0,LOW
313,6,1,1.0,1,1.0,LOW
314,6,3,1.33,3,0.67,LOW
315,6,2,2.0,2,0.0,LOW
316,6,1,2.0,1,0.0,LOW
317,6,5,1.8,5,0.2,HIGH
321,6,5,1.6,5,0.4,HIGH
322,6,1,2.0,1,0.0,LOW
323,6,3,1.0,2,0.33,LOW
3,7,3,1.67,2,0.67,LOW
4,7,6,1.83,4,0.33,HIGH
5,7,2,1.5,2,0.0,LOW
6,7,7,1.86,3,0.29,HIGH
7,7,3,1.67,2,0.0,LOW
8,7,3,1.67,3,0.67,LOW
9,7,6,1.5,4,0.67,HIGH
10,7,6,1.5,4,0.33,HIGH
12,7,3,1.67,3,0.67,LOW
13,7,6,2.0,3,0.0,HIGH
14,7,10,1.7,5,0.2,HIGH
15,7,3,1.67,2,0.33,LOW
16,7,4,1.75,4,0.25,HIGH
17,7,4,1.75,4,0.5,HIGH
18,7,1,2.0,1,1.0,LOW
19,7,5,1.8,4,0.2,HIGH
21,7,3,1.33,2,0.33,LOW
22,7,2,2.0,2,0.0,LOW
23,7,6,2.0,3,0.33,HIGH
24,7,4,2.0,3,0.5,HIGH
25,7,2,2.0,1,0.0,LOW
26,7,4,2.0,2,0.0,HIGH
27,7,5,1.8,4,0.4,HIGH
28,7,2,1.5,2,0.5,LOW
29,7,2,1.5,2,0.0,LOW
30,7,4,1.5,4,0.5,HIGH
32,7,4,1.75,2,0.5,HIGH
33,7,4,1.5,4,0.25,HIGH
34,7,1,2.0,1,0.0,LOW
36,7,3,1.67,3,0.33,LOW
37,7,2,2.0,2,0.0,LOW
38,7,3,1.67,2,0.0,LOW
39,7,3,1.67,2,0.33,LOW
40,7,5,1.6,4,0.0,HIGH
42,7,6,1.17,3,0.17,LOW
43,7,2,1.0,2,0.5,LOW
44,7,2,1.5,2,0.0,LOW
45,7,4,1.75,3,0.0,HIGH
46,7,2,1.5,2,0.0,LOW
47,7,1,2.0,1,0.0,LOW
48,7,4,1.5,3,0.25,HIGH
49,7,4,1.25,4,0.0,LOW
50,7,2,1.5,2,0.0,LOW
52,7,1,2.0,1,0.0,LOW
53,7,8,1.75,4,0.13,HIGH
54,7,5,1.2,4,0.0,LOW
55,7,2,2.0,2,0.5,LOW
56,7,3,1.67,3,0.33,LOW
57,7,4,1.25,4,0.25,LOW
58,7,3,1.67,2,0.0,LOW
59,7,6,1.33,6,0.17,LOW
60,7,5,1.8,4,0.4,HIGH
62,7,6,1.5,6,0.17,HIGH
63,7,2,2.0,2,0.5,LOW
64,7,5,2.0,3,0.4,HIGH
65,7,2,2.0,2,0.5,LOW
66,7,3,2.0,2,0.0,LOW
67,7,3,1.67,2,0.0,LOW
68,7,2,1.5,2,0.0,LOW
69,7,5,1.4,4,0.4,LOW
71,7,4,2.0,3,0.5,HIGH
72,7,3,1.67,2,0.33,LOW
73,7,5,1.6,5,0.4,HIGH
74,7,1,1.0,1,0.0,LOW
75,7,5,1.8,5,0.4,HIGH
76,7,2,2.0,2,0.0,LOW
77,7,2,1.5,2,0.5,LOW
78,7,1,2.0,1,0.0,LOW
80,7,6,1.67,5,0.17,HIGH
81,7,1,2.0,1,0.0,LOW
82,7,4,2.0,3,0.5,HIGH
84,7,6,1.67,5,0.17,HIGH
86,7,5,1.2,4,0.0,LOW
87,7,4,1.25,4,0.25,LOW
88,7,3,1.33,3,0.33,LOW
89,7,2,2.0,2,0.5,LOW
90,7,2,1.5,2,0.5,LOW
91,7,2,1.0,2,0.5,LOW
93,7,3,2.0,2,0.0,LOW
94,7,3,1.67,3,0.0,LOW
96,7,2,1.5,2,0.5,LOW
97,7,5,1.6,5,0.4,HIGH
98,7,1,2.0,1,0.0,LOW
99,7,1,1.0,1,1.0,LOW
100,7,2,2.0,1,0.0,LOW
102,7,5,1.6,5,0.0,HIGH
103,7,1,1.0,1,1.0,LOW
104,7,1,2.0,1,0.0,LOW
106,7,3,2.0,2,0.0,LOW
107,7,4,1.75,3,0.0,HIGH
108,7,3,2.0,1,0.0,LOW
109,7,4,2.0,3,0.25,HIGH
110,7,1,2.0,1,0.0,LOW
111,7,3,2.0,3,0.33,LOW
112,7,1,2.0,1,0.0,LOW
113,7,3,1.67,3,0.67,LOW
115,7,5,1.8,3,0.4,HIGH
116,7,3,1.0,2,0.0,LOW
118,7,6,1.67,5,0.0,HIGH
119,7,2,2.0,2,1.0,LOW
120,7,2,2.0,2,0.5,LOW
121,7,4,1.5,4,0.25,HIGH
122,7,2,2.0,1,0.5,LOW
123,7,2,2.0,2,0.0,LOW
124,7,1,2.0,1,0.0,LOW
125,7,4,1.75,3,0.5,HIGH
127,7,4,1.5,3,0.25,HIGH
128,7,4,1.25,3,0.5,LOW
129,7,6,1.67,3,0.17,HIGH
130,7,4,1.25,4,0.5,LOW
131,7,2,2.0,2,0.5,LOW
132,7,1,2.0,1,1.0,LOW
133,7,1,2.0,1,0.0,LOW
134,7,3,1.33,2,0.33,LOW
136,7,3,1.0,3,0.0,LOW
137,7,4,1.75,3,0.0,HIGH
138,7,4,1.5,4,0.5,HIGH
139,7,6,1.67,4,0.33,HIGH
140,7,4,2.0,3,0.5,HIGH
141,7,3,1.33,3,0.33,LOW
142,7,2,2.0,2,0.5,LOW
143,7,5,1.8,3,0.2,HIGH
145,7,4,1.25,3,0.5,LOW
146,7,4,1.5,4,0.25,HIGH
147,7,3,1.33,2,0.0,LOW
148,7,2,1.5,2,0.5,LOW
149,7,1,2.0,1,0.0,LOW
150,7,2,1.5,2,0.5,LOW
151,7,2,1.0,2,0.0,LOW
152,7,3,1.67,3,0.67,LOW
153,7,3,1.67,3,0.67,LOW
155,7,4,1.75,3,0.75,HIGH
156,7,3,2.0,2,0.33,LOW
157,7,1,2.0,1,0.0,LOW
158,7,5,1.8,4,0.4,HIGH
159,7,3,1.67,3,0.33,LOW
160,7,5,1.8,4,0.0,HIGH
161,7,5,1.8,4,0.2,HIGH
162,7,1,2.0,1,0.0,LOW
163,7,2,1.0,2,0.0,LOW
165,7,2,1.5,2,0.0,LOW
166,7,2,2.0,2,0.5,LOW
167,7,3,2.0,1,0.33,LOW
169,7,3,1.67,2,0.0,LOW
170,7,4,1.5,4,0.0,HIGH
171,7,5,1.8,4,0.4,HIGH
172,7,3,1.67,3,0.0,LOW
173,7,4,2.0,3,0.5,HIGH
174,7,5,1.4,3,0.2,LOW
175,7,2,2.0,2,0.5,LOW
176,7,3,2.0,3,0.33,LOW
178,7,2,2.0,2,0.0,LOW
179,7,2,2.0,1,0.0,LOW
180,7,3,1.33,3,0.0,LOW
181,7,5,1.8,4,0.2,HIGH
182,7,2,2.0,1,0.5,LOW
183,7,2,2.0,2,0.0,LOW
184,7,3,2.0,2,0.0,LOW
185,7,1,2.0,1,0.0,LOW
186,7,2,1.5,2,0.0,LOW
187,7,3,1.67,3,0.33,LOW
188,7,1,2.0,1,0.0,LOW
189,7,1,2.0,1,1.0,LOW
191,7,4,1.25,3,0.5,LOW
192,7,3,1.67,3,0.0,LOW
193,7,4,1.25,4,0.25,LOW
194,7,6,1.5,3,0.0,HIGH
195,7,1,2.0,1,0.0,LOW
196,7,4,1.75,2,0.0,HIGH
197,7,6,1.5,4,0.83,HIGH
198,7,6,1.5,4,0.0,HIGH
200,7,2,1.5,2,0.5,LOW
201,7,4,1.25,3,0.75,LOW
202,7,5,1.2,5,0.4,LOW
203,7,1,2.0,1,1.0,LOW
204,7,2,1.5,2,0.0,LOW
205,7,1,2.0,1,0.0,LOW
206,7,7,1.57,5,0.0,HIGH
207,7,1,2.0,1,0.0,LOW
208,7,2,1.5,2,0.5,LOW
209,7,1,1.0,1,1.0,LOW
210,7,3,1.33,2,0.67,LOW
211,7,1,1.0,1,0.0,LOW
213,7,3,2.0,1,0.67,LOW
214,7,4,1.5,3,0.25,HIGH
215,7,7,1.71,5,0.29,HIGH
216,7,5,1.8,2,0.2,HIGH
217,7,4,1.5,3,0.0,HIGH
218,7,2,1.0,2,0.5,LOW
219,7,6,1.83,2,0.17,HIGH
220,7,2,1.5,2,0.0,LOW
224,7,3,1.33,2,0.33,LOW
225,7,1,2.0,1,0.0,LOW
226,7,2,2.0,2,0.5,LOW
227,7,3,1.67,2,0.0,LOW
228,7,1,2.0,1,1.0,LOW
229,7,1,1.0,1,0.0,LOW
230,7,2,1.5,2,0.0,LOW
231,7,3,1.33,2,0.0,LOW
232,7,1,2.0,1,0.0,LOW
233,7,3,1.33,3,0.67,LOW
236,7,1,1.0,1,0.0,LOW
237,7,3,1.67,3,0.0,LOW
238,7,2,2.0,2,0.5,LOW
239,7,2,1.5,2,0.0,LOW
240,7,4,1.5,3,0.5,HIGH
241,7,4,1.25,4,0.25,LOW
242,7,5,1.8,4,0.0,HIGH
243,7,5,1.6,4,0.4,HIGH
244,7,2,2.0,2,0.5,LOW
245,7,5,1.6,4,0.2,HIGH
246,7,2,1.5,2,0.5,LOW
248,7,7,1.86,6,0.0,HIGH
249,7,4,1.25,4,0.0,LOW
250,7,3,1.0,3,0.0,LOW
251,7,2,1.5,2,0.5,LOW
252,7,1,1.0,1,0.0,LOW
253,7,5,1.4,3,0.2,LOW
254,7,4,1.25,3,0.25,LOW
255,7,4,1.5,4,0.25,HIGH
256,7,4,1.75,4,0.0,HIGH
258,7,2,1.5,2,0.0,LOW
259,7,5,1.8,3,0.2,HIGH
260,7,2,1.5,2,0.0,LOW
261,7,1,2.0,1,0.0,LOW
263,7,1,2.0,1,0.0,LOW
265,7,3,1.67,3,0.33,LOW
266,7,5,1.2,3,0.2,LOW
267,7,1,2.0,1,1.0,LOW
268,7,3,1.67,3,0.33,LOW
270,7,4,1.75,3,0.5,HIGH
271,7,1,2.0,1,0.0,LOW
272,7,3,1.33,3,0.0,LOW
273,7,3,2.0,3,0.33,LOW
274,7,5,1.8,5,0.4,HIGH
275,7,2,2.0,2,0.5,LOW
276,7,2,1.0,2,0.0,LOW
277,7,1,1.0,1,1.0,LOW
278,7,3,1.67,3,0.67,LOW
279,7,2,1.0,2,0.0,LOW
281,7,1,2.0,1,0.0,LOW
283,7,1,2.0,1,1.0,LOW
284,7,1,2.0,1,0.0,LOW
285,7,2,1.5,2,0.0,LOW
286,7,3,2.0,3,0.0,LOW
287,7,1,2.0,1,1.0,LOW
288,7,1,2.0,1,0.0,LOW
289,7,4,1.75,3,0.75,HIGH
290,7,2,1.5,2,0.5,LOW
291,7,5,1.4,5,0.0,LOW
292,7,7,1.43,5,0.43,LOW
294,7,1,1.0,1,0.0,LOW
295,7,6,1.33,4,0.0,LOW
296,7,8,1.38,6,0.13,HIGH
297,7,3,1.0,2,0.0,LOW
298,7,4,1.25,4,0.25,LOW
299,7,3,1.67,3,0.33,LOW
300,7,6,1.33,5,0.67,LOW
301,7,2,1.0,1,0.0,LOW
303,7,4,1.25,4,0.25,LOW
304,7,9,1.44,5,0.44,HIGH
305,7,4,1.75,3,0.0,HIGH
306,7,1,2.0,1,0.0,LOW
307,7,5,1.6,5,0.2,HIGH
308,7,2,2.0,2,0.5,LOW
309,7,2,2.0,2,0.0,LOW
310,7,2,2.0,2,1.0,LOW
311,7,4,1.5,4,0.0,HIGH
313,7,2,1.0,1,0.0,LOW
314,7,5,1.6,4,0.2,HIGH
315,7,2,1.0,2,1.0,LOW
316,7,1,1.0,1,0.0,LOW
318,7,8,1.75,5,0.25,HIGH
319,7,4,1.75,3,0.25,HIGH
321,7,1,1.0,1,0.0,LOW
3,8,2,1.0,2,0.5,LOW
4,8,3,1.67,2,0.0,LOW
5,8,4,1.75,2,0.25,HIGH
6,8,8,1.38,3,0.63,HIGH
7,8,3,2.0,1,0.0,LOW
8,8,4,1.5,2,0.0,HIGH
9,8,5,2.0,5,0.0,HIGH
10,8,6,1.83,3,0.33,HIGH
12,8,3,1.67,2,0.33,LOW
13,8,3,2.0,2,0.33,LOW
14,8,3,2.0,1,0.0,LOW
15,8,4,1.5,3,0.75,HIGH
16,8,3,1.67,2,0.67,LOW
17,8,7,1.57,5,0.29,HIGH
18,8,2,1.5,2,0.0,LOW
19,8,4,1.75,3,0.75,HIGH
21,8,3,1.33,2,0.33,LOW
22,8,4,1.5,3,0.0,HIGH
23,8,5,2.0,3,0.6,HIGH
24,8,5,1.4,5,0.2,LOW
25,8,3,1.67,2,0.0,LOW
26,8,2,2.0,2,0.5,LOW
27,8,4,1.5,3,0.25,HIGH
28,8,1,1.0,1,1.0,LOW
29,8,5,1.8,4,0.2,HIGH
30,8,3,1.67,2,0.0,LOW
32,8,1,2.0,1,1.0,LOW
33,8,5,1.6,5,0.2,HIGH
34,8,3,1.67,3,0.67,LOW
35,8,3,1.67,3,0.0,LOW
36,8,1,1.0,1,1.0,LOW
37,8,2,2.0,1,0.5,LOW
38,8,2,1.0,2,0.0,LOW
39,8,2,1.5,2,0.5,LOW
40,8,2,1.5,2,0.5,LOW
42,8,2,1.5,2,0.0,LOW
43,8,2,2.0,2,0.0,LOW
44,8,3,1.0,3,0.33,LOW
45,8,2,1.0,2,0.5,LOW
46,8,3,2.0,3,0.0,LOW
47,8,4,1.5,4,0.5,HIGH
48,8,1,2.0,1,0.0,LOW
50,8,2,2.0,2,1.0,LOW
52,8,2,1.0,2,0.5,LOW
53,8,3,1.33,2,0.0,LOW
54,8,4,1.0,3,0.5,LOW
55,8,2,1.0,2,0.0,LOW
56,8,4,1.75,3,0.25,HIGH
57,8,3,1.33,3,0.33,LOW
58,8,1,2.0,1,0.0,LOW
59,8,1,2.0,1,0.0,LOW
60,8,4,1.75,4,0.5,HIGH
62,8,2,1.5,2,0.5,LOW
63,8,3,2.0,2,0.33,LOW
64,8,2,2.0,1,0.5,LOW
65,8,2,2.0,2,0.0,LOW
66,8,1,1.0,1,0.0,LOW
67,8,5,1.6,3,0.4,HIGH
68,8,2,2.0,2,0.0,LOW
69,8,3,1.67,2,0.0,LOW
71,8,2,2.0,2,0.0,LOW
72,8,2,2.0,2,0.5,LOW
73,8,3,1.67,3,0.33,LOW
74,8,7,1.57,5,0.29,HIGH
75,8,3,1.67,3,0.0,LOW
76,8,3,1.67,3,0.33,LOW
77,8,1,2.0,1,0.0,LOW
78,8,2,2.0,2,0.0,LOW
79,8,2,1.5,2,0.5,LOW
80,8,1,2.0,1,0.0,LOW
82,8,2,1.5,2,1.0,LOW
84,8,6,1.17,5,0.33,LOW
85,8,1,2.0,1,0.0,LOW
86,8,1,2.0,1,0.0,LOW
87,8,2,1.0,2,0.0,LOW
88,8,2,1.0,2,0.0,LOW
89,8,5,1.4,4,0.4,LOW
90,8,1,2.0,1,1.0,LOW
91,8,4,2.0,2,0.5,HIGH
94,8,3,1.67,2,0.67,LOW
95,8,4,1.25,4,0.5,LOW
96,8,2,2.0,1,0.5,LOW
97,8,5,1.6,5,0.2,HIGH
98,8,2,2.0,1,0.5,LOW
99,8,2,1.0,2,0.5,LOW
100,8,3,1.67,3,0.33,LOW
101,8,1,2.0,1,0.0,LOW
102,8,4,1.5,3,0.25,HIGH
104,8,3,1.33,2,0.33,LOW
106,8,2,2.0,1,0.0,LOW
107,8,2,1.5,2,0.0,LOW
108,8,4,2.0,4,0.5,HIGH
109,8,2,2.0,2,0.5,LOW
110,8,2,2.0,1,0.5,LOW
111,8,1,2.0,1,0.0,LOW
112,8,2,2.0,1,0.5,LOW
115,8,3,1.67,2,0.67,LOW
116,8,6,1.5,5,0.33,HIGH
118,8,6,1.83,4,0.33,HIGH
119,8,5,2.0,4,0.4,HIGH
120,8,3,1.67,2,0.33,LOW
121,8,7,1.43,5,0.43,LOW
122,8,1,2.0,1,1.0,LOW
123,8,2,2.0,1,0.0,LOW
124,8,3,1.0,3,0.33,LOW
125,8,4,1.25,4,0.0,LOW
127,8,3,2.0,2,0.67,LOW
128,8,5,1.2,4,0.4,LOW
129,8,5,1.6,4,0.4,HIGH
130,8,4,1.75,2,0.5,HIGH
131,8,2,1.5,2,0.5,LOW
132,8,3,1.67,2,0.33,LOW
133,8,1,2.0,1,1.0,LOW
134,8,6,1.83,5,0.33,HIGH
136,8,5,1.6,4,0.2,HIGH
137,8,3,1.33,3,0.33,LOW
138,8,4,2.0,4,0.5,HIGH
139,8,6,1.83,5,0.0,HIGH
140,8,5,1.6,4,0.2,HIGH
141,8,4,2.0,4,0.5,HIGH
142,8,6,1.83,5,0.17,HIGH
143,8,5,2.0,4,0.2,HIGH
145,8,2,1.5,2,0.0,LOW
146,8,2,2.0,1,0.0,LOW
147,8,1,1.0,1,0.0,LOW
148,8,3,1.67,2,0.33,LOW
149,8,2,2.0,2,0.5,LOW
150,8,2,1.5,2,0.0,LOW
151,8,3,1.0,3,0.0,LOW
152,8,4,1.5,2,0.0,HIGH
153,8,2,2.0,2,0.0,LOW
155,8,3,1.33,3,1.0,LOW
156,8,4,1.5,4,1.0,HIGH
157,8,2,2.0,2,0.0,LOW
158,8,5,1.4,5,0.0,LOW
159,8,2,1.0,2,0.5,LOW
160,8,6,1.5,5,0.5,HIGH
161,8,6,2.0,4,0.33,HIGH
162,8,5,1.4,3,0.4,LOW
163,8,5,1.6,4,0.4,HIGH
165,8,2,1.5,2,0.5,LOW
166,8,6,1.83,3,0.33,HIGH
167,8,4,1.75,4,0.5,HIGH
168,8,2,1.5,2,0.0,LOW
169,8,2,2.0,2,0.5,LOW
170,8,1,1.0,1,1.0,LOW
171,8,3,2.0,2,0.33,LOW
172,8,4,2.0,4,0.5,HIGH
173,8,7,1.43,6,0.29,LOW
174,8,2,2.0,2,0.5,LOW
175,8,5,2.0,3,0.4,HIGH
176,8,2,2.0,2,0.5,LOW
178,8,2,1.5,2,0.5,LOW
179,8,3,1.67,3,0.33,LOW
180,8,1,2.0,1,1.0,LOW
181,8,1,1.0,1,0.0,LOW
183,8,4,1.75,4,0.0,HIGH
184,8,1,2.0,1,0.0,LOW
185,8,4,2.0,2,0.25,HIGH
186,8,1,2.0,1,0.0,LOW
187,8,1,1.0,1,1.0,LOW
188,8,2,2.0,2,0.5,LOW
189,8,3,1.33,3,0.67,LOW
191,8,1,2.0,1,0.0,LOW
192,8,6,1.33,5,0.5,LOW
193,8,2,1.5,2,1.0,LOW
194,8,3,1.0,3,1.0,LOW
195,8,4,1.75,3,0.0,HIGH
196,8,3,1.0,2,0.33,LOW
197,8,3,1.67,3,0.33,LOW
198,8,3,1.33,3,0.67,LOW
200,8,4,1.5,4,0.0,HIGH
201,8,3,1.33,2,0.67,LOW
202,8,4,1.5,4,0.25,HIGH
203,8,2,1.5,2,0.5,LOW
204,8,3,1.67,2,0.33,LOW
205,8,3,1.33,2,0.0,LOW
206,8,2,1.5,2,1.0,LOW
207,8,2,2.0,2,0.0,LOW
208,8,3,1.33,3,0.33,LOW
209,8,4,1.0,4,0.25,LOW
210,8,1,1.0,1,0.0,LOW
211,8,2,1.0,2,0.0,LOW
213,8,5,1.8,3,0.2,HIGH
214,8,4,1.25,4,0.25,LOW
215,8,4,1.25,2,0.0,LOW
216,8,5,1.6,5,0.4,HIGH
217,8,8,1.63,3,0.38,HIGH
218,8,3,1.67,2,0.33,LOW
219,8,3,1.67,2,0.33,LOW
220,8,2,2.0,2,0.0,LOW
221,8,8,1.63,5,0.63,HIGH
223,8,3,1.67,3,0.33,LOW
224,8,2,1.5,2,0.0,LOW
225,8,4,1.75,4,0.5,HIGH
226,8,2,1.5,2,0.0,LOW
228,8,1,2.0,1,0.0,LOW
229,8,1,1.0,1,1.0,LOW
230,8,3,1.67,2,0.33,LOW
231,8,3,2.0,2,0.67,LOW
232,8,1,2.0,1,0.0,LOW
233,8,4,1.25,3,0.0,LOW
234,8,4,1.75,3,0.0,HIGH
236,8,3,2.0,2,0.33,LOW
237,8,6,1.5,4,0.33,HIGH
238,8,3,2.0,2,0.67,LOW
239,8,4,1.5,4,0.25,HIGH
240,8,6,1.5,5,0.67,HIGH
241,8,3,1.67,3,0.33,LOW
242,8,1,1.0,1,1.0,LOW
243,8,2,2.0,2,1.0,LOW
244,8,3,1.33,3,0.33,LOW
245,8,2,2.0,2,0.0,LOW
246,8,4,1.5,3,0.25,HIGH
248,8,4,1.25,3,1.0,LOW
249,8,5,1.4,4,0.2,LOW
250,8,2,1.5,2,0.5,LOW
251,8,4,1.5,4,0.75,HIGH
252,8,1,1.0,1,1.0,LOW
253,8,1,2.0,1,0.0,LOW
254,8,5,1.2,4,0.2,LOW
255,8,5,1.4,5,0.8,LOW
256,8,7,1.43,5,0.43,LOW
258,8,4,1.75,4,0.5,HIGH
259,8,6,1.33,4,0.33,LOW
260,8,2,2.0,1,0.0,LOW
261,8,1,2.0,1,0.0,LOW
263,8,4,1.5,4,0.75,HIGH
265,8,3,1.33,3,0.67,LOW
267,8,1,1.0,1,0.0,LOW
268,8,4,1.25,3,0.0,LOW
270,8,2,1.5,2,1.0,LOW
271,8,3,1.67,2,0.33,LOW
272,8,4,1.75,4,0.5,HIGH
273,8,1,1.0,1,0.0,LOW
274,8,4,1.5,4,0.0,HIGH
275,8,2,1.5,2,0.0,LOW
276,8,2,1.5,2,0.5,LOW
277,8,2,1.0,1,0.0,LOW
278,8,1,1.0,1,0.0,LOW
279,8,5,1.6,5,0.6,HIGH
280,8,3,1.67,3,0.33,LOW
281,8,1,2.0,1,0.0,LOW
283,8,4,1.5,4,0.5,HIGH
285,8,3,2.0,2,0.67,LOW
286,8,2,2.0,1,1.0,LOW
287,8,3,1.33,3,0.33,LOW
288,8,6,1.67,5,0.5,HIGH
289,8,4,1.75,3,0.0,HIGH
290,8,3,1.33,3,0.67,LOW
291,8,1,2.0,1,1.0,LOW
292,8,5,1.4,5,0.2,LOW
294,8,6,1.17,6,0.33,LOW
295,8,9,1.22,5,0.22,HIGH
296,8,5,1.6,3,0.2,HIGH
297,8,4,1.25,3,0.5,LOW
298,8,4,1.5,3,0.5,HIGH
299,8,1,1.0,1,0.0,LOW
300,8,3,1.0,3,0.33,LOW
301,8,3,1.0,2,1.0,LOW
303,8,8,1.5,6,0.38,HIGH
304,8,3,1.67,3,0.0,LOW
306,8,5,1.6,4,0.0,HIGH
307,8,4,1.25,3,0.0,LOW
308,8,3,2.0,2,0.67,LOW
309,8,2,1.5,2,0.0,LOW
311,8,6,1.17,3,0.33,LOW
313,8,3,1.67,3,0.33,LOW
314,8,2,1.5,2,0.0,LOW
315,8,3,1.67,3,0.33,LOW
316,8,6,1.67,5,0.17,HIGH
317,8,2,2.0,2,0.5,LOW
318,8,4,1.75,3,0.0,HIGH
319,8,3,1.33,2,0.33,LOW
320,8,2,2.0,2,0.0,LOW
321,8,1,2.0,1,0.0,LOW
323,8,2,1.5,2,0.5,LOW
3,9,5,1.8,3,0.4,HIGH
4,9,1,2.0,1,0.0,LOW
5,9,4,1.75,3,0.0,HIGH
6,9,5,1.4,4,0.6,LOW
7,9,7,1.29,4,0.14,LOW
8,9,4,2.0,2,0.25,HIGH
9,9,7,1.29,4,0.14,LOW
10,9,5,1.6,4,0.4,HIGH
12,9,2,1.5,2,1.0,LOW
13,9,4,2.0,2,0.25,HIGH
14,9,4,2.0,3,0.0,HIGH
15,9,6,1.83,3,0.33,HIGH
16,9,9,1.67,5,0.22,HIGH
17,9,8,2.0,4,0.13,HIGH
18,9,4,1.75,3,0.25,HIGH
19,9,4,1.0,3,0.25,LOW
21,9,3,2.0,2,0.33,LOW
22,9,4,1.75,2,0.25,HIGH
23,9,3,2.0,1,0.0,LOW
25,9,2,1.5,2,0.0,LOW
26,9,3,2.0,1,0.33,LOW
27,9,2,2.0,1,1.0,LOW
28,9,8,1.75,3,0.38,HIGH
29,9,3,1.67,3,0.33,LOW
30,9,2,1.0,2,0.5,LOW
32,9,2,2.0,2,0.5,LOW
33,9,4,1.5,2,0.25,HIGH
34,9,2,2.0,2,0.5,LOW
35,9,6,1.67,5,0.17,HIGH
36,9,3,1.67,3,0.67,LOW
37,9,1,1.0,1,0.0,LOW
38,9,5,1.6,3,0.4,HIGH
39,9,3,1.67,3,0.33,LOW
40,9,5,1.8,3,0.4,HIGH
42,9,3,1.33,2,0.67,LOW
44,9,4,1.0,2,0.25,LOW
45,9,2,1.5,2,0.0,LOW
46,9,4,1.25,3,0.0,LOW
47,9,6,1.83,5,0.0,HIGH
48,9,3,1.33,3,0.33,LOW
49,9,1,2.0,1,0.0,LOW
50,9,1,1.0,1,0.0,LOW
52,9,3,1.67,3,0.33,LOW
53,9,4,1.0,3,0.5,LOW
54,9,8,1.63,4,0.0,HIGH
55,9,3,2.0,2,0.33,LOW
56,9,4,1.75,3,0.25,HIGH
57,9,7,1.57,4,0.14,HIGH
58,9,8,1.5,5,0.0,HIGH
59,9,5,1.8,4,0.4,HIGH
60,9,2,1.0,2,0.0,LOW
62,9,3,2.0,3,0.33,LOW
63,9,2,1.5,2,0.5,LOW
64,9,5,1.6,3,0.2,HIGH
65,9,4,1.5,4,0.25,HIGH
66,9,1,1.0,1,0.0,LOW
67,9,4,1.75,4,0.25,HIGH
68,9,2,2.0,2,0.0,LOW
69,9,4,1.75,3,0.25,HIGH
71,9,1,2.0,1,0.0,LOW
72,9,5,1.6,5,0.2,HIGH
73,9,1,2.0,1,1.0,LOW
74,9,3,1.67,2,0.33,LOW
75,9,6,2.0,2,0.17,HIGH
76,9,5,1.6,4,0.2,HIGH
77,9,1,2.0,1,0.0,LOW
78,9,4,1.75,4,0.0,HIGH
79,9,1,2.0,1,0.0,LOW
80,9,1,2.0,1,0.0,LOW
81,9,6,1.67,5,0.17,HIGH
82,9,3,1.67,3,0.33,LOW
84,9,5,1.6,4,0.2,HIGH
85,9,6,1.33,4,0.0,LOW
86,9,1,1.0,1,0.0,LOW
87,9,3,1.33,3,0.0,LOW
88,9,3,1.33,2,0.0,LOW
89,9,2,1.0,1,0.0,LOW
90,9,5,1.6,5,0.4,HIGH
91,9,3,1.67,2,0.0,LOW
93,9,2,2.0,2,0.0,LOW
94,9,2,1.5,2,1.0,LOW
95,9,1,1.0,1,0.0,LOW
96,9,3,1.0,2,0.0,LOW
97,9,2,2.0,2,0.0,LOW
98,9,1,2.0,1,0.0,LOW
99,9,2,1.5,2,0.0,LOW
100,9,2,2.0,2,0.0,LOW
101,9,1,2.0,1,0.0,LOW
102,9,3,1.33,3,0.33,LOW
103,9,5,1.4,3,0.2,LOW
104,9,1,2.0,1,0.0,LOW
106,9,2,2.0,2,0.0,LOW
107,9,2,2.0,2,0.0,LOW
108,9,1,2.0,1,0.0,LOW
109,9,1,2.0,1,0.0,LOW
110,9,4,2.0,3,0.25,HIGH
111,9,4,1.5,3,0.0,HIGH
112,9,3,1.67,3,0.33,LOW
113,9,8,1.63,6,0.38,HIGH
114,9,2,2.0,2,0.0,LOW
115,9,1,2.0,1,1.0,LOW
116,9,1,2.0,1,1.0,LOW
118,9,6,1.5,6,0.17,HIGH
120,9,2,2.0,2,0.0,LOW
121,9,2,1.5,2,0.0,LOW
122,9,1,2.0,1,0.0,LOW
123,9,4,1.75,2,0.5,HIGH
124,9,2,2.0,1,1.0,LOW
125,9,3,1.67,3,0.33,LOW
127,9,2,1.5,2,0.5,LOW
128,9,3,1.33,3,0.0,LOW
129,9,7,1.71,4,0.29,HIGH
130,9,5,2.0,4,0.2,HIGH
131,9,6,1.5,5,0.67,HIGH
132,9,3,1.67,2,0.0,LOW
133,9,3,1.67,3,0.33,LOW
136,9,3,2.0,2,0.33,LOW
137,9,3,2.0,2,0.0,LOW
138,9,4,2.0,3,0.5,HIGH
139,9,5,1.8,3,0.6,HIGH
140,9,4,1.75,3,0.25,HIGH
141,9,4,1.5,4,0.25,HIGH
142,9,2,2.0,2,0.5,LOW
143,9,4,1.5,3,0.5,HIGH
145,9,4,1.25,4,0.75,LOW
146,9,2,1.5,2,0.0,LOW
147,9,1,1.0,1,0.0,LOW
148,9,5,1.2,5,0.0,LOW
149,9,4,1.25,4,0.25,LOW
150,9,2,1.5,2,1.0,LOW
151,9,4,1.25,4,0.0,LOW
152,9,4,1.5,4,0.5,HIGH
153,9,3,1.67,2,0.33,LOW
155,9,4,1.5,4,0.25,HIGH
156,9,3,1.67,3,0.0,LOW
157,9,2,2.0,2,0.0,LOW
158,9,2,2.0,2,0.5,LOW
159,9,4,2.0,3,0.5,HIGH
160,9,1,2.0,1,0.0,LOW
161,9,4,2.0,4,0.5,HIGH
162,9,5,2.0,4,0.2,HIGH
163,9,3,2.0,2,0.67,LOW
165,9,2,1.0,2,0.5,LOW
166,9,3,2.0,2,0.33,LOW
167,9,2,2.0,2,0.0,LOW
168,9,3,1.33,3,0.0,LOW
169,9,2,2.0,2,1.0,LOW
170,9,3,2.0,3,0.67,LOW
171,9,5,1.6,5,0.4,HIGH
172,9,2,1.5,2,0.5,LOW
173,9,2,1.5,2,0.5,LOW
174,9,1,1.0,1,0.0,LOW
176,9,3,1.33,3,0.0,LOW
178,9,2,2.0,1,0.5,LOW
179,9,1,2.0,1,0.0,LOW
180,9,1,2.0,1,0.0,LOW
181,9,2,1.5,2,0.5,LOW
182,9,3,2.0,2,0.67,LOW
183,9,2,1.5,2,1.0,LOW
184,9,1,2.0,1,0.0,LOW
185,9,1,1.0,1,0.0,LOW
189,9,3,1.67,3,0.0,LOW
191,9,3,1.33,2,0.67,LOW
193,9,3,1.67,2,0.67,LOW
194,9,5,1.4,4,0.4,LOW
195,9,3,1.33,2,0.33,LOW
196,9,2,1.5,2,0.0,LOW
197,9,1,2.0,1,0.0,LOW
198,9,2,2.0,1,0.0,LOW
200,9,1,1.0,1,0.0,LOW
201,9,4,1.75,4,0.25,HIGH
202,9,2,2.0,2,0.0,LOW
203,9,1,2.0,1,0.0,LOW
205,9,1,1.0,1,0.0,LOW
207,9,4,1.25,3,0.5,LOW
208,9,3,2.0,2,0.33,LOW
209,9,5,1.2,4,0.0,LOW
210,9,3,1.67,2,0.67,LOW
211,9,3,1.0,2,0.0,LOW
213,9,3,1.67,3,0.33,LOW
214,9,2,1.5,2,0.0,LOW
215,9,4,1.75,3,0.5,HIGH
216,9,9,1.78,5,0.22,HIGH
217,9,3,1.67,3,0.33,LOW
218,9,5,2.0,2,0.4,HIGH
219,9,6,1.67,3,0.33,HIGH
220,9,5,1.8,4,0.2,HIGH
221,9,2,2.0,2,0.5,LOW
224,9,4,1.0,3,0.0,LOW
225,9,1,1.0,1,0.0,LOW
226,9,3,1.67,3,0.0,LOW
227,9,3,1.67,3,0.33,LOW
228,9,1,2.0,1,0.0,LOW
229,9,1,1.0,1,0.0,LOW
231,9,3,1.67,3,0.0,LOW
232,9,1,1.0,1,0.0,LOW
233,9,1,2.0,1,0.0,LOW
234,9,4,1.5,3,0.0,HIGH
236,9,2,1.5,2,0.5,LOW
238,9,1,1.0,1,1.0,LOW
239,9,1,2.0,1,0.0,LOW
240,9,2,1.5,2,0.5,LOW
242,9,2,1.5,2,0.0,LOW
243,9,3,1.67,3,0.0,LOW
244,9,2,1.5,2,0.5,LOW
245,9,5,1.8,3,0.4,HIGH
248,9,4,1.5,4,0.0,HIGH
249,9,3,1.67,2,0.33,LOW
250,9,3,1.33,3,0.33,LOW
251,9,2,1.0,1,0.5,LOW
252,9,4,1.5,4,0.5,HIGH
253,9,4,1.25,3,0.5,LOW
254,9,3,1.0,2,0.0,LOW
255,9,3,1.33,3,0.0,LOW
256,9,4,1.25,3,0.5,LOW
258,9,3,1.33,3,0.33,LOW
259,9,2,1.5,2,0.5,LOW
260,9,4,1.75,3,0.5,HIGH
261,9,5,1.8,4,0.4,HIGH
262,9,3,1.67,3,0.33,LOW
263,9,2,1.5,2,0.0,LOW
264,9,2,2.0,2,0.0,LOW
267,9,3,1.67,2,0.0,LOW
270,9,4,1.75,4,0.5,HIGH
272,9,2,1.5,2,1.0,LOW
273,9,1,2.0,1,1.0,LOW
274,9,2,1.0,2,0.0,LOW
275,9,1,1.0,1,0.0,LOW
276,9,1,2.0,1,0.0,LOW
277,9,1,1.0,1,1.0,LOW
278,9,3,2.0,2,0.67,LOW
279,9,2,1.0,2,0.5,LOW
280,9,1,2.0,1,0.0,LOW
284,9,2,1.5,2,0.0,LOW
285,9,3,1.33,2,0.0,LOW
286,9,1,2.0,1,0.0,LOW
287,9,4,1.5,3,0.5,HIGH
288,9,3,1.33,3,0.33,LOW
289,9,2,2.0,2,0.5,LOW
290,9,2,1.5,2,0.0,LOW
291,9,3,1.33,2,1.0,LOW
292,9,1,1.0,1,0.0,LOW
294,9,1,1.0,1,0.0,LOW
295,9,7,1.29,5,0.14,LOW
296,9,4,1.5,4,0.25,HIGH
297,9,4,1.25,4,0.5,LOW
298,9,2,1.0,2,0.0,LOW
299,9,6,1.17,4,0.17,LOW
300,9,7,1.57,5,0.43,HIGH
303,9,3,1.67,3,0.67,LOW
304,9,2,1.5,2,0.5,LOW
305,9,3,1.0,2,0.33,LOW
306,9,5,1.8,3,0.4,HIGH
307,9,3,2.0,3,0.33,LOW
308,9,4,1.5,3,0.0,HIGH
309,9,4,1.75,4,0.0,HIGH
310,9,4,1.25,3,0.5,LOW
311,9,8,2.0,4,0.38,HIGH
313,9,1,1.0,1,0.0,LOW
314,9,3,1.0,2,0.33,LOW
315,9,1,2.0,1,0.0,LOW
316,9,7,1.57,5,0.29,HIGH
317,9,1,1.0,1,0.0,LOW
318,9,2,1.0,2,0.0,LOW
319,9,2,1.0,1,0.5,LOW
320,9,1,2.0,1,1.0,LOW
321,9,3,1.67,3,0.67,LOW
322,9,3,2.0,2,0.33,LOW
323,9,5,1.6,3,0.4,HIGH
3,10,3,1.67,2,0.33,LOW
4,10,7,1.43,4,0.29,LOW
5,10,5,1.8,3,0.2,HIGH
6,10,5,1.6,3,0.2,HIGH
7,10,4,1.5,4,0.5,HIGH
8,10,7,1.71,5,0.14,HIGH
9,10,4,1.75,3,0.0,HIGH
10,10,3,1.33,3,0.67,LOW
12,10,4,2.0,3,0.25,HIGH
13,10,6,1.67,4,0.17,HIGH
14,10,5,1.6,4,0.4,HIGH
15,10,7,1.29,5,0.14,LOW
16,10,5,1.8,4,0.4,HIGH
17,10,4,1.75,2,0.25,HIGH
18,10,5,1.2,4,0.2,LOW
19,10,8,1.63,5,0.25,HIGH
21,10,3,1.67,2,0.33,LOW
22,10,1,1.0,1,0.0,LOW
23,10,4,1.25,4,0.25,LOW
24,10,2,2.0,2,0.5,LOW
26,10,3,2.0,3,0.0,LOW
27,10,4,1.75,3,0.5,HIGH
28,10,3,1.33,2,0.0,LOW
29,10,1,2.0,1,1.0,LOW
30,10,4,2.0,3,0.0,HIGH
32,10,3,1.67,3,0.67,LOW
33,10,3,1.67,3,0.33,LOW
34,10,2,1.5,2,0.5,LOW
35,10,4,1.75,3,0.5,HIGH
36,10,6,1.83,5,0.17,HIGH
37,10,2,1.5,2,0.0,LOW
38,10,2,1.5,2,0.5,LOW
39,10,2,2.0,2,0.5,LOW
40,10,7,2.0,3,0.57,HIGH
42,10,3,1.33,3,0.0,LOW
44,10,7,1.43,6,0.29,LOW
45,10,6,1.5,5,0.5,HIGH
47,10,3,1.33,3,0.0,LOW
48,10,1,1.0,1,0.0,LOW
49,10,3,1.67,3,0.33,LOW
50,10,3,1.33,3,0.0,LOW
52,10,3,1.0,3,0.33,LOW
53,10,2,1.0,2,0.0,LOW
54,10,2,1.0,1,0.0,LOW
55,10,6,1.17,4,0.33,LOW
56,10,5,1.6,4,0.2,HIGH
57,10,7,1.0,4,0.57,LOW
58,10,5,1.2,5,0.2,LOW
59,10,3,1.67,3,0.33,LOW
60,10,9,1.67,4,0.33,HIGH
63,10,1,2.0,1,1.0,LOW
64,10,4,2.0,3,0.0,HIGH
65,10,4,2.0,4,0.25,HIGH
66,10,3,2.0,2,0.0,LOW
67,10,3,2.0,2,0.33,LOW
68,10,3,1.67,3,0.33,LOW
69,10,3,1.33,3,0.0,LOW
72,10,2,1.5,2,0.0,LOW
73,10,7,1.86,6,0.14,HIGH
74,10,1,2.0,1,0.0,LOW
75,10,4,1.5,4,0.75,HIGH
76,10,2,1.5,2,0.5,LOW
77,10,3,1.67,3,0.0,LOW
79,10,4,1.5,4,0.0,HIGH
81,10,2,1.5,2,0.5,LOW
82,10,4,2.0,2,0.5,HIGH
84,10,1,1.0,1,0.0,LOW
85,10,4,1.25,3,0.25,LOW
86,10,4,1.5,3,0.0,HIGH
87,10,3,1.67,2,0.0,LOW
88,10,6,1.83,4,0.17,HIGH
89,10,4,1.75,3,0.0,HIGH
90,10,3,1.33,3,0.33,LOW
91,10,3,1.67,3,0.67,LOW
94,10,2,1.5,2,0.5,LOW
95,10,1,1.0,1,0.0,LOW
96,10,2,1.5,2,0.5,LOW
98,10,1,2.0,1,1.0,LOW
99,10,3,2.0,3,0.33,LOW
100,10,2,2.0,2,0.0,LOW
102,10,1,1.0,1,0.0,LOW
103,10,5,1.6,5,1.0,HIGH
104,10,1,2.0,1,1.0,LOW
106,10,5,1.8,2,0.0,HIGH
107,10,2,1.5,2,1.0,LOW
108,10,4,2.0,2,0.0,HIGH
109,10,3,1.67,3,0.33,LOW
111,10,3,1.33,3,0.67,LOW
112,10,2,2.0,1,0.5,LOW
113,10,4,1.25,3,0.25,LOW
114,10,1,1.0,1,0.0,LOW
115,10,1,1.0,1,0.0,LOW
116,10,5,2.0,4,0.4,HIGH
118,10,5,1.8,5,0.4,HIGH
119,10,2,1.5,2,0.5,LOW
120,10,2,2.0,1,0.5,LOW
121,10,1,2.0,1,1.0,LOW
122,10,2,1.0,2,0.0,LOW
123,10,4,1.75,2,0.25,HIGH
124,10,5,1.8,3,0.6,HIGH
127,10,3,1.33,3,0.67,LOW
128,10,1,1.0,1,0.0,LOW
129,10,1,1.0,1,0.0,LOW
130,10,5,1.8,5,0.2,HIGH
131,10,2,1.5,2,0.5,LOW
132,10,3,1.67,3,0.33,LOW
133,10,1,1.0,1,0.0,LOW
134,10,1,2.0,1,1.0,LOW
136,10,4,1.5,4,0.0,HIGH
137,10,4,1.75,2,0.0,HIGH
138,10,2,2.0,1,0.5,LOW
139,10,4,2.0,3,0.25,HIGH
140,10,2,1.5,2,0.5,LOW
141,10,3,2.0,3,0.0,LOW
142,10,2,1.5,2,1.0,LOW
145,10,6,1.0,3,0.5,LOW
146,10,2,1.5,2,0.0,LOW
147,10,2,1.5,2,0.0,LOW
148,10,4,1.25,4,0.0,LOW
149,10,4,1.0,3,0.25,LOW
150,10,3,1.33,3,0.0,LOW
151,10,1,2.0,1,0.0,LOW
152,10,4,1.5,4,0.0,HIGH
153,10,3,1.67,3,0.33,LOW
155,10,1,2.0,1,0.0,LOW
156,10,1,2.0,1,0.0,LOW
157,10,1,2.0,1,0.0,LOW
158,10,2,1.5,2,0.0,LOW
159,10,6,1.83,5,0.0,HIGH
160,10,4,1.5,4,0.5,HIGH
161,10,3,1.33,3,0.0,LOW
162,10,4,1.75,4,0.5,HIGH
163,10,2,1.5,2,0.0,LOW
165,10,1,2.0,1,0.0,LOW
166,10,1,2.0,1,0.0,LOW
167,10,5,1.6,5,0.2,HIGH
168,10,4,1.75,2,0.25,HIGH
169,10,2,1.5,2,1.0,LOW
171,10,4,1.5,4,0.0,HIGH
172,10,1,2.0,1,0.0,LOW
173,10,3,1.67,3,0.0,LOW
174,10,3,2.0,2,0.33,LOW
175,10,3,2.0,3,0.0,LOW
176,10,3,2.0,3,0.33,LOW
178,10,2,2.0,1,0.0,LOW
179,10,3,1.67,2,0.33,LOW
180,10,1,2.0,1,0.0,LOW
181,10,2,2.0,1,0.5,LOW
182,10,1,1.0,1,0.0,LOW
183,10,3,1.67,3,0.33,LOW
184,10,3,2.0,3,0.33,LOW
186,10,1,1.0,1,0.0,LOW
188,10,3,1.67,3,0.0,LOW
189,10,3,2.0,2,0.0,LOW
191,10,6,1.33,4,0.33,LOW
192,10,3,1.33,2,0.67,LOW
193,10,4,1.5,4,0.5,HIGH
194,10,4,1.75,4,0.5,HIGH
195,10,2,1.5,2,0.0,LOW
196,10,3,1.67,3,0.33,LOW
198,10,5,1.6,3,0.2,HIGH
201,10,1,1.0,1,1.0,LOW
202,10,1,2.0,1,0.0,LOW
203,10,3,1.33,2,0.33,LOW
204,10,4,1.75,3,0.25,HIGH
205,10,4,2.0,2,0.25,HIGH
206,10,1,1.0,1,0.0,LOW
207,10,2,1.0,1,0.5,LOW
208,10,1,2.0,1,0.0,LOW
209,10,1,2.0,1,1.0,LOW
210,10,1,2.0,1,0.0,LOW
211,10,5,1.6,3,0.4,HIGH
213,10,4,1.75,3,0.5,HIGH
214,10,3,2.0,2,0.67,LOW
215,10,2,2.0,2,0.0,LOW
216,10,2,2.0,2,0.0,LOW
217,10,4,1.25,4,0.5,LOW
218,10,4,1.5,4,0.5,HIGH
219,10,4,2.0,1,0.25,HIGH
220,10,4,1.75,3,0.0,HIGH
221,10,3,2.0,2,0.0,LOW
223,10,1,2.0,1,0.0,LOW
224,10,2,1.5,2,0.0,LOW
227,10,1,2.0,1,1.0,LOW
230,10,2,1.5,2,0.5,LOW
232,10,1,1.0,1,0.0,LOW
236,10,4,1.5,3,0.0,HIGH
237,10,3,1.67,3,0.67,LOW
238,10,3,1.33,3,0.33,LOW
239,10,3,2.0,1,0.0,LOW
240,10,1,2.0,1,0.0,LOW
241,10,4,1.75,2,0.25,HIGH
242,10,2,1.0,2,0.0,LOW
243,10,3,2.0,2,0.67,LOW
244,10,2,2.0,2,0.5,LOW
245,10,2,1.5,2,0.5,LOW
246,10,2,1.5,2,0.0,LOW
248,10,6,1.0,2,0.17,LOW
249,10,2,1.5,2,0.5,LOW
250,10,7,1.29,4,0.14,LOW
251,10,8,1.5,6,0.38,HIGH
252,10,5,1.6,4,0.0,HIGH
253,10,2,1.5,2,1.0,LOW
254,10,5,1.4,5,0.4,LOW
255,10,8,1.63,5,0.38,HIGH
256,10,2,1.5,2,1.0,LOW
258,10,3,1.67,2,0.33,LOW
259,10,1,2.0,1,0.0,LOW
261,10,2,1.5,2,0.0,LOW
262,10,6,1.83,5,0.5,HIGH
263,10,4,1.75,4,0.0,HIGH
264,10,3,1.67,3,0.0,LOW
265,10,4,1.5,3,0.25,HIGH
266,10,4,2.0,3,0.5,HIGH
267,10,6,1.33,5,0.17,LOW
268,10,2,2.0,2,0.0,LOW
270,10,1,1.0,1,0.0,LOW
272,10,1,2.0,1,1.0,LOW
273,10,3,1.67,3,0.0,LOW
274,10,3,1.67,3,0.33,LOW
275,10,1,2.0,1,0.0,LOW
276,10,3,2.0,3,0.0,LOW
277,10,1,1.0,1,0.0,LOW
278,10,3,1.33,3,0.67,LOW
280,10,1,2.0,1,0.0,LOW
281,10,1,2.0,1,0.0,LOW
283,10,3,1.0,2,0.33,LOW
285,10,2,1.5,2,0.0,LOW
286,10,5,1.6,5,0.2,HIGH
287,10,2,1.5,2,0.5,LOW
289,10,4,1.5,3,0.5,HIGH
290,10,3,2.0,3,0.33,LOW
291,10,2,1.5,2,0.0,LOW
292,10,1,1.0,1,0.0,LOW
294,10,5,1.2,4,0.6,LOW
295,10,9,1.33,5,0.22,HIGH
296,10,8,1.5,7,0.38,HIGH
297,10,2,2.0,2,0.5,LOW
298,10,3,1.33,3,0.67,LOW
299,10,1,1.0,1,0.0,LOW
300,10,4,1.25,3,0.25,LOW
301,10,2,1.5,2,0.0,LOW
303,10,4,1.75,3,0.25,HIGH
304,10,3,1.67,2,0.67,LOW
305,10,5,1.0,5,0.4,LOW
307,10,2,1.5,2,0.0,LOW
308,10,1,2.0,1,1.0,LOW
309,10,2,2.0,2,0.5,LOW
310,10,4,1.5,4,0.75,HIGH
311,10,3,2.0,2,0.0,LOW
313,10,1,2.0,1,0.0,LOW
314,10,2,1.5,2,0.0,LOW
316,10,3,1.33,3,0.33,LOW
317,10,4,1.25,4,0.25,LOW
318,10,1,1.0,1,0.0,LOW
319,10,2,1.0,2,0.0,LOW
320,10,2,1.0,1,0.0,LOW
321,10,3,1.33,3,0.67,LOW
322,10,1,1.0,1,0.0,LOW
323,10,2,1.0,2,0.0,LOW
3,11,5,1.8,3,0.6,HIGH
4,11,5,1.8,3,0.0,HIGH
5,11,5,1.8,3,0.0,HIGH
6,11,3,1.67,2,0.67,LOW
7,11,3,1.67,3,0.33,LOW
8,11,6,2.0,3,0.33,HIGH
9,11,5,1.6,4,0.0,HIGH
10,11,3,1.67,2,0.0,LOW
12,11,5,1.8,5,0.6,HIGH
13,11,2,2.0,2,0.0,LOW
14,11,3,1.33,3,0.0,LOW
15,11,4,1.75,3,0.25,HIGH
16,11,2,2.0,1,1.0,LOW
17,11,3,2.0,2,0.67,LOW
18,11,8,1.75,6,0.38,HIGH
19,11,6,1.67,4,0.0,HIGH
21,11,3,1.67,3,0.0,LOW
22,11,4,1.75,3,0.25,HIGH
23,11,2,2.0,1,0.0,LOW
24,11,4,2.0,2,0.5,HIGH
25,11,2,2.0,1,0.0,LOW
26,11,2,1.5,2,0.5,LOW
28,11,2,1.5,2,0.5,LOW
29,11,6,1.67,4,0.0,HIGH
30,11,1,1.0,1,0.0,LOW
32,11,3,1.33,3,0.0,LOW
33,11,3,2.0,2,0.33,LOW
34,11,3,1.33,2,0.0,LOW
36,11,3,1.67,2,0.67,LOW
37,11,2,1.0,2,0.5,LOW
38,11,2,1.5,2,0.5,LOW
40,11,3,1.67,2,0.67,LOW
43,11,2,2.0,1,0.0,LOW
44,11,4,1.0,3,0.5,LOW
45,11,2,2.0,2,0.5,LOW
47,11,1,2.0,1,1.0,LOW
48,11,3,1.33,3,0.67,LOW
49,11,5,1.2,2,0.2,LOW
50,11,2,1.5,2,0.0,LOW
52,11,4,1.5,3,0.5,HIGH
53,11,1,2.0,1,0.0,LOW
54,11,3,2.0,2,0.33,LOW
55,11,2,1.0,2,0.0,LOW
56,11,2,2.0,2,0.0,LOW
57,11,1,2.0,1,0.0,LOW
58,11,1,1.0,1,1.0,LOW
59,11,5,1.8,4,0.4,HIGH
60,11,7,1.71,2,0.14,HIGH
62,11,2,2.0,2,1.0,LOW
63,11,2,2.0,2,0.0,LOW
64,11,2,2.0,1,0.0,LOW
65,11,5,1.6,4,0.0,HIGH
66,11,3,1.33,2,0.0,LOW
67,11,2,2.0,2,0.0,LOW
68,11,3,2.0,3,0.33,LOW
69,11,3,2.0,2,0.0,LOW
72,11,2,2.0,1,0.5,LOW
73,11,3,1.33,3,0.33,LOW
74,11,4,1.75,3,0.0,HIGH
75,11,1,2.0,1,0.0,LOW
77,11,2,1.5,2,0.0,LOW
78,11,1,1.0,1,0.0,LOW
79,11,1,2.0,1,0.0,LOW
80,11,4,2.0,3,0.5,HIGH
81,11,3,2.0,2,0.0,LOW
82,11,3,2.0,3,0.33,LOW
84,11,3,1.0,3,0.33,LOW
85,11,1,1.0,1,0.0,LOW
86,11,3,1.67,3,0.67,LOW
87,11,1,2.0,1,0.0,LOW
88,11,1,1.0,1,0.0,LOW
89,11,2,1.5,2,0.0,LOW
90,11,4,1.25,3,0.0,LOW
91,11,1,1.0,1,0.0,LOW
93,11,2,1.5,2,0.0,LOW
94,11,1,2.0,1,0.0,LOW
95,11,5,1.8,3,0.0,HIGH
97,11,1,1.0,1,0.0,LOW
98,11,1,1.0,1,0.0,LOW
99,11,1,1.0,1,1.0,LOW
100,11,3,1.67,3,0.0,LOW
101,11,2,2.0,2,0.5,LOW
104,11,2,1.5,2,1.0,LOW
106,11,3,1.33,3,0.0,LOW
107,11,2,1.5,2,0.0,LOW
108,11,2,1.5,2,0.5,LOW
109,11,4,1.25,3,0.25,LOW
110,11,1,2.0,1,1.0,LOW
111,11,5,1.8,3,0.0,HIGH
112,11,4,1.75,3,0.25,HIGH
113,11,1,1.0,1,0.0,LOW
114,11,1,2.0,1,0.0,LOW
115,11,3,1.67,3,0.67,LOW
116,11,3,1.67,3,0.0,LOW
118,11,4,1.75,3,0.25,HIGH
119,11,4,1.5,4,0.5,HIGH
120,11,4,1.75,2,0.75,HIGH
121,11,1,2.0,1,0.0,LOW
122,11,4,1.75,2,0.25,HIGH
123,11,2,2.0,2,0.0,LOW
124,11,1,2.0,1,1.0,LOW
125,11,1,2.0,1,1.0,LOW
127,11,5,1.6,4,0.0,HIGH
128,11,2,1.5,2,0.5,LOW
129,11,6,1.67,6,0.17,HIGH
130,11,3,1.67,2,0.33,LOW
131,11,4,1.25,3,0.75,LOW
132,11,3,2.0,3,0.33,LOW
133,11,5,1.8,5,0.4,HIGH
134,11,2,1.5,2,0.0,LOW
136,11,2,1.5,2,1.0,LOW
137,11,6,1.83,6,0.33,HIGH
138,11,4,2.0,4,0.25,HIGH
139,11,5,1.8,4,0.2,HIGH
140,11,2,1.5,2,1.0,LOW
141,11,4,1.75,4,0.5,HIGH
142,11,3,1.67,3,0.67,LOW
143,11,5,1.4,4,0.0,LOW
145,11,3,1.67,3,0.0,LOW
146,11,2,2.0,2,0.5,LOW
147,11,2,1.5,2,0.0,LOW
148,11,4,1.5,3,0.25,HIGH
149,11,2,1.0,2,0.0,LOW
150,11,4,1.0,3,0.0,LOW
151,11,5,1.0,4,0.4,LOW
152,11,2,1.5,2,0.0,LOW
153,11,3,1.33,3,0.67,LOW
155,11,8,1.38,7,0.38,HIGH
156,11,3,2.0,1,0.33,LOW
157,11,1,1.0,1,1.0,LOW
158,11,3,1.67,3,0.67,LOW
159,11,4,1.25,4,0.25,LOW
160,11,6,1.67,6,0.33,HIGH
161,11,4,1.75,3,0.5,HIGH
162,11,1,2.0,1,0.0,LOW
163,11,3,2.0,3,0.0,LOW
165,11,5,1.6,4,0.6,HIGH
166,11,2,2.0,2,1.0,LOW
167,11,4,1.75,4,0.25,HIGH
168,11,5,1.6,4,0.6,HIGH
169,11,1,2.0,1,0.0,LOW
170,11,7,2.0,4,0.14,HIGH
171,11,4,1.75,3,0.75,HIGH
172,11,3,1.33,3,0.67,LOW
173,11,2,2.0,2,1.0,LOW
175,11,1,2.0,1,0.0,LOW
176,11,4,1.75,4,0.5,HIGH
178,11,2,2.0,1,0.0,LOW
179,11,2,2.0,2,1.0,LOW
180,11,2,1.5,2,0.5,LOW
181,11,2,1.5,2,1.0,LOW
182,11,2,1.5,2,0.0,LOW
184,11,2,1.5,2,0.0,LOW
186,11,1,1.0,1,0.0,LOW
188,11,4,1.75,4,0.0,HIGH
189,11,2,1.5,2,0.0,LOW
191,11,1,2.0,1,1.0,LOW
192,11,4,1.5,3,0.25,HIGH
193,11,2,1.5,2,0.0,LOW
195,11,4,1.25,4,0.5,LOW
196,11,1,2.0,1,0.0,LOW
197,11,1,1.0,1,0.0,LOW
198,11,2,1.0,1,0.5,LOW
200,11,2,1.0,2,0.5,LOW
201,11,3,1.67,3,0.0,LOW
202,11,4,1.25,4,0.75,LOW
203,11,3,1.67,3,0.33,LOW
204,11,1,1.0,1,0.0,LOW
205,11,5,1.6,3,0.2,HIGH
208,11,3,1.33,2,0.33,LOW
209,11,5,1.2,4,0.2,LOW
210,11,4,1.5,3,0.5,HIGH
211,11,1,2.0,1,0.0,LOW
213,11,2,1.5,2,0.5,LOW
214,11,2,2.0,1,1.0,LOW
215,11,3,1.33,2,0.33,LOW
216,11,3,1.67,3,0.33,LOW
217,11,2,2.0,1,0.0,LOW
218,11,4,1.25,3,0.0,LOW
219,11,4,2.0,1,0.25,HIGH
220,11,3,1.67,3,0.33,LOW
221,11,2,1.5,2,0.5,LOW
223,11,2,1.5,2,0.5,LOW
224,11,1,2.0,1,0.0,LOW
226,11,2,2.0,2,0.0,LOW
227,11,2,2.0,2,0.0,LOW
228,11,2,1.5,2,0.5,LOW
229,11,1,2.0,1,0.0,LOW
230,11,2,2.0,2,0.5,LOW
231,11,2,2.0,2,0.5,LOW
232,11,1,2.0,1,0.0,LOW
233,11,2,1.5,2,0.5,LOW
234,11,3,1.33,3,0.33,LOW
236,11,3,1.33,3,0.67,LOW
237,11,2,1.5,2,0.0,LOW
238,11,3,1.67,3,0.33,LOW
239,11,2,2.0,2,0.5,LOW
240,11,2,2.0,2,0.0,LOW
241,11,1,2.0,1,0.0,LOW
242,11,1,1.0,1,1.0,LOW
243,11,2,1.5,2,0.5,LOW
244,11,1,2.0,1,1.0,LOW
245,11,3,1.33,3,0.67,LOW
246,11,2,1.0,2,0.5,LOW
248,11,4,1.5,4,0.0,HIGH
249,11,4,1.25,4,0.25,LOW
250,11,3,2.0,3,1.0,LOW
252,11,2,1.5,2,0.0,LOW
253,11,2,1.5,2,0.0,LOW
254,11,2,1.5,2,0.0,LOW
255,11,4,1.25,3,0.0,LOW
256,11,2,1.5,2,0.5,LOW
258,11,2,1.0,2,0.0,LOW
259,11,5,1.4,4,0.0,LOW
260,11,4,1.75,3,0.5,HIGH
261,11,2,2.0,1,0.5,LOW
262,11,1,1.0,1,0.0,LOW
263,11,1,2.0,1,0.0,LOW
264,11,3,2.0,2,0.33,LOW
265,11,2,2.0,1,0.5,LOW
266,11,5,1.6,4,0.6,HIGH
267,11,1,2.0,1,1.0,LOW
268,11,4,1.25,3,0.0,LOW
270,11,1,2.0,1,1.0,LOW
271,11,1,2.0,1,0.0,LOW
272,11,3,1.67,3,0.0,LOW
273,11,3,2.0,3,0.33,LOW
274,11,2,1.5,2,0.5,LOW
275,11,6,1.67,6,0.17,HIGH
277,11,1,2.0,1,0.0,LOW
278,11,1,2.0,1,0.0,LOW
281,11,7,1.86,5,0.29,HIGH
283,11,4,1.75,3,0.5,HIGH
284,11,3,1.33,3,0.33,LOW
285,11,4,1.5,2,0.5,HIGH
286,11,5,1.6,5,0.0,HIGH
287,11,9,1.67,5,0.22,HIGH
288,11,1,1.0,1,0.0,LOW
289,11,2,1.5,2,0.5,LOW
290,11,4,1.5,3,0.25,HIGH
291,11,3,1.0,2,0.67,LOW
292,11,1,2.0,1,1.0,LOW
294,11,4,1.25,2,0.25,LOW
295,11,3,1.33,3,0.0,LOW
296,11,4,1.5,4,0.25,HIGH
297,11,7,1.57,4,0.57,HIGH
298,11,2,1.5,2,0.0,LOW
300,11,7,1.57,5,0.43,HIGH
301,11,5,1.8,4,0.4,HIGH
303,11,5,1.4,4,0.2,LOW
304,11,1,2.0,1,0.0,LOW
305,11,3,1.67,3,0.0,LOW
306,11,2,1.5,2,1.0,LOW
307,11,6,1.5,5,0.33,HIGH
308,11,3,2.0,2,0.67,LOW
309,11,2,1.5,2,0.0,LOW
310,11,5,1.8,4,0.4,HIGH
311,11,4,1.5,4,0.25,HIGH
314,11,4,1.0,2,0.25,LOW
315,11,2,1.5,2,0.5,LOW
316,11,2,1.0,2,0.5,LOW
317,11,1,2.0,1,0.0,LOW
318,11,2,1.0,2,0.5,LOW
319,11,1,2.0,1,0.0,LOW
321,11,2,1.5,2,0.5,LOW
323,11,1,1.0,1,0.0,LOW
3,12,6,1.83,2,0.5,HIGH
4,12,4,1.5,3,0.25,HIGH
5,12,3,1.67,2,0.33,LOW
6,12,8,1.75,6,0.13,HIGH
7,12,2,2.0,1,0.5,LOW
8,12,6,1.5,2,0.0,HIGH
9,12,5,1.6,4,0.2,HIGH
10,12,4,1.5,3,0.0,HIGH
12,12,3,1.67,2,0.0,LOW
13,12,4,1.5,3,0.25,HIGH
14,12,7,1.71,5,0.29,HIGH
15,12,4,1.25,3,0.0,LOW
16,12,2,2.0,2,0.0,LOW
17,12,5,1.6,3,0.0,HIGH
18,12,6,1.83,3,0.33,HIGH
19,12,8,1.88,3,0.38,HIGH
22,12,3,1.67,3,0.0,LOW
23,12,5,1.6,4,0.4,HIGH
24,12,1,2.0,1,0.0,LOW
25,12,3,1.33,2,0.0,LOW
26,12,6,1.83,3,0.17,HIGH
27,12,2,1.5,2,0.5,LOW
28,12,5,1.8,3,0.6,HIGH
29,12,1,1.0,1,0.0,LOW
30,12,7,1.86,3,0.43,HIGH
32,12,2,1.5,2,0.5,LOW
33,12,3,1.0,3,0.67,LOW
34,12,4,1.75,2,0.25,HIGH
35,12,7,1.57,6,0.0,HIGH
36,12,5,1.8,3,0.2,HIGH
37,12,4,2.0,3,0.5,HIGH
38,12,3,2.0,3,0.0,LOW
39,12,2,2.0,2,0.0,LOW
40,12,3,1.67,2,0.33,LOW
42,12,2,1.5,2,0.0,LOW
43,12,3,1.67,3,0.0,LOW
44,12,4,1.5,3,0.25,HIGH
45,12,1,1.0,1,0.0,LOW
46,12,5,1.2,5,0.2,LOW
47,12,2,1.5,2,0.5,LOW
48,12,2,2.0,2,0.0,LOW
49,12,1,1.0,1,0.0,LOW
50,12,4,1.5,4,0.5,HIGH
52,12,2,2.0,2,0.0,LOW
53,12,4,1.25,4,0.25,LOW
54,12,8,1.63,5,0.25,HIGH
55,12,1,2.0,1,0.0,LOW
56,12,5,1.6,4,0.4,HIGH
57,12,3,1.33,3,0.33,LOW
58,12,7,1.86,6,0.14,HIGH
59,12,6,1.5,6,0.0,HIGH
60,12,5,1.6,4,0.0,HIGH
62,12,2,2.0,2,0.0,LOW
63,12,3,2.0,3,0.0,LOW
64,12,2,2.0,2,0.0,LOW
65,12,5,1.4,5,0.6,LOW
66,12,6,1.83,4,0.33,HIGH
67,12,9,1.56,7,0.11,HIGH
68,12,2,2.0,2,0.0,LOW
69,12,3,1.67,2,0.0,LOW
71,12,1,2.0,1,0.0,LOW
72,12,1,2.0,1,0.0,LOW
73,12,1,1.0,1,0.0,LOW
74,12,3,2.0,3,0.67,LOW
75,12,1,2.0,1,0.0,LOW
76,12,2,1.5,2,0.5,LOW
77,12,4,2.0,3,0.5,HIGH
78,12,2,1.5,2,0.0,LOW
79,12,2,1.5,2,0.0,LOW
80,12,4,1.5,4,0.25,HIGH
81,12,2,1.0,2,0.5,LOW
82,12,3,1.33,3,0.33,LOW
84,12,6,1.5,3,0.33,HIGH
85,12,4,1.5,3,0.0,HIGH
86,12,4,1.25,3,0.0,LOW
87,12,1,1.0,1,0.0,LOW
88,12,3,1.0,2,0.33,LOW
89,12,2,1.5,2,0.0,LOW
90,12,1,1.0,1,0.0,LOW
91,12,3,1.0,2,0.0,LOW
93,12,2,2.0,2,0.5,LOW
94,12,1,1.0,1,0.0,LOW
95,12,6,1.83,4,0.17,HIGH
97,12,1,2.0,1,0.0,LOW
100,12,1,2.0,1,1.0,LOW
101,12,3,1.67,3,0.0,LOW
102,12,2,1.5,2,0.0,LOW
103,12,1,2.0,1,0.0,LOW
104,12,4,1.5,4,0.0,HIGH
106,12,3,1.33,3,0.67,LOW
107,12,2,2.0,2,0.5,LOW
108,12,4,1.75,4,0.75,HIGH
109,12,2,2.0,2,0.5,LOW
110,12,1,2.0,1,0.0,LOW
111,12,3,2.0,2,0.0,LOW
112,12,2,2.0,2,0.0,LOW
113,12,3,2.0,2,0.33,LOW
114,12,2,2.0,1,1.0,LOW
115,12,4,2.0,2,0.25,HIGH
116,12,1,2.0,1,0.0,LOW
118,12,3,1.67,3,0.33,LOW
119,12,1,2.0,1,0.0,LOW
120,12,9,1.89,5,0.0,HIGH
121,12,6,1.83,4,0.0,HIGH
122,12,2,1.5,2,0.0,LOW
123,12,4,1.5,4,0.5,HIGH
124,12,3,1.67,3,0.33,LOW
125,12,3,1.33,2,0.0,LOW
127,12,2,1.0,2,0.0,LOW
128,12,2,1.5,2,0.0,LOW
129,12,5,1.4,4,0.2,LOW
130,12,2,1.5,2,0.0,LOW
131,12,3,2.0,2,0.0,LOW
132,12,7,1.43,4,0.0,LOW
133,12,4,1.5,3,0.25,HIGH
134,12,2,1.5,2,0.0,LOW
136,12,4,1.75,4,0.0,HIGH
137,12,1,2.0,1,0.0,LOW
138,12,1,2.0,1,0.0,LOW
139,12,2,2.0,2,0.0,LOW
140,12,3,1.0,2,0.0,LOW
141,12,3,1.33,2,0.67,LOW
142,12,3,2.0,2,0.33,LOW
143,12,2,2.0,1,0.5,LOW
145,12,4,1.0,2,0.25,LOW
146,12,4,1.5,4,0.25,HIGH
147,12,2,1.5,2,0.0,LOW
148,12,3,2.0,3,0.67,LOW
149,12,3,1.33,2,0.0,LOW
150,12,2,1.0,2,0.0,LOW
151,12,4,1.25,3,0.0,LOW
152,12,2,2.0,2,1.0,LOW
153,12,2,1.5,2,1.0,LOW
155,12,2,2.0,1,0.0,LOW
156,12,3,2.0,2,0.67,LOW
157,12,2,2.0,2,0.0,LOW
158,12,1,2.0,1,0.0,LOW
159,12,4,1.0,3,0.5,LOW
160,12,1,2.0,1,0.0,LOW
161,12,3,2.0,3,0.67,LOW
162,12,3,2.0,2,0.0,LOW
163,12,5,1.6,4,0.6,HIGH
165,12,1,2.0,1,0.0,LOW
166,12,4,1.5,3,0.25,HIGH
167,12,2,2.0,2,0.5,LOW
168,12,1,1.0,1,0.0,LOW
169,12,5,2.0,3,0.4,HIGH
170,12,4,1.75,3,0.0,HIGH
171,12,2,2.0,2,0.0,LOW
172,12,4,1.5,4,0.25,HIGH
173,12,2,1.5,2,0.0,LOW
174,12,5,2.0,3,0.2,HIGH
176,12,3,2.0,2,0.67,LOW
178,12,3,1.67,3,0.33,LOW
179,12,4,1.5,4,0.0,HIGH
180,12,5,1.6,2,0.2,HIGH
181,12,3,1.33,3,0.33,LOW
182,12,3,1.67,2,0.67,LOW
183,12,1,1.0,1,0.0,LOW
184,12,4,1.0,3,0.75,LOW
185,12,1,1.0,1,0.0,LOW
189,12,3,1.67,2,0.33,LOW
191,12,4,1.25,3,0.25,LOW
192,12,2,1.5,2,0.0,LOW
193,12,2,1.0,1,0.5,LOW
194,12,1,2.0,1,0.0,LOW
195,12,3,1.33,2,0.33,LOW
196,12,7,1.29,4,0.29,LOW
197,12,5,1.4,5,0.0,LOW
198,12,2,1.0,2,0.0,LOW
200,12,1,1.0,1,1.0,LOW
201,12,6,1.5,5,0.17,HIGH
203,12,2,2.0,2,0.0,LOW
205,12,1,2.0,1,0.0,LOW
206,12,4,2.0,2,0.25,HIGH
207,12,3,1.33,2,0.33,LOW
208,12,1,2.0,1,0.0,LOW
210,12,2,1.5,2,0.5,LOW
211,12,1,2.0,1,0.0,LOW
213,12,3,2.0,2,0.0,LOW
214,12,5,1.6,3,0.0,HIGH
215,12,3,1.67,3,0.0,LOW
216,12,1,2.0,1,0.0,LOW
217,12,4,2.0,2,0.25,HIGH
218,12,4,1.5,4,0.25,HIGH
219,12,2,1.5,2,0.5,LOW
220,12,5,1.6,5,0.0,HIGH
221,12,3,2.0,3,1.0,LOW
223,12,1,2.0,1,1.0,LOW
226,12,6,1.17,4,0.5,LOW
227,12,3,2.0,1,0.0,LOW
229,12,2,1.5,2,0.0,LOW
230,12,2,1.5,2,0.0,LOW
232,12,4,1.75,4,0.25,HIGH
233,12,1,1.0,1,0.0,LOW
234,12,4,1.5,4,0.0,HIGH
236,12,2,1.5,2,0.5,LOW
237,12,2,1.0,2,1.0,LOW
238,12,1,1.0,1,0.0,LOW
239,12,2,1.0,2,0.0,LOW
240,12,1,1.0,1,1.0,LOW
241,12,2,1.5,2,0.5,LOW
242,12,3,1.67,2,0.33,LOW
243,12,2,1.5,2,0.0,LOW
245,12,3,2.0,2,0.33,LOW
246,12,1,1.0,1,1.0,LOW
248,12,5,1.4,3,0.2,LOW
249,12,2,1.5,2,0.5,LOW
250,12,5,1.4,3,0.2,LOW
251,12,4,1.5,3,0.5,HIGH
252,12,10,1.4,7,0.1,HIGH
253,12,5,1.2,3,0.4,LOW
254,12,3,2.0,3,0.67,LOW
255,12,3,1.67,3,0.33,LOW
256,12,4,1.5,3,0.25,HIGH
258,12,2,2.0,2,0.0,LOW
259,12,3,1.67,3,0.0,LOW
260,12,1,2.0,1,0.0,LOW
261,12,2,1.5,2,0.0,LOW
262,12,4,1.75,3,0.25,HIGH
263,12,5,1.2,5,0.2,LOW
265,12,2,1.5,2,0.0,LOW
266,12,3,1.33,3,0.33,LOW
268,12,2,1.0,2,0.5,LOW
270,12,1,2.0,1,0.0,LOW
271,12,5,1.6,4,0.2,HIGH
272,12,1,2.0,1,0.0,LOW
273,12,1,1.0,1,0.0,LOW
274,12,1,1.0,1,1.0,LOW
275,12,1,2.0,1,0.0,LOW
276,12,2,1.5,2,0.0,LOW
278,12,2,2.0,2,0.0,LOW
280,12,3,1.33,3,0.67,LOW
281,12,1,2.0,1,1.0,LOW
283,12,3,1.0,3,0.67,LOW
284,12,1,2.0,1,0.0,LOW
285,12,3,1.67,3,0.33,LOW
287,12,2,1.0,2,0.5,LOW
288,12,3,1.67,3,0.0,LOW
289,12,3,1.67,3,0.67,LOW
290,12,7,1.29,3,0.14,LOW
291,12,4,1.5,4,0.0,HIGH
292,12,2,1.0,2,0.5,LOW
294,12,2,2.0,2,1.0,LOW
295,12,2,2.0,2,0.0,LOW
296,12,7,1.29,5,0.0,LOW
297,12,2,1.0,2,0.5,LOW
298,12,7,1.43,4,0.0,LOW
299,12,4,1.25,4,0.25,LOW
300,12,3,1.67,3,0.33,LOW
301,12,5,1.2,3,0.0,LOW
303,12,3,2.0,3,0.0,LOW
304,12,9,1.44,4,0.11,HIGH
305,12,5,1.6,4,0.6,HIGH
306,12,2,2.0,1,0.0,LOW
307,12,4,2.0,2,0.5,HIGH
308,12,4,1.25,3,0.0,LOW
309,12,5,1.6,3,0.2,HIGH
310,12,3,1.33,3,0.33,LOW
311,12,3,1.67,2,0.33,LOW
313,12,1,1.0,1,0.0,LOW
315,12,5,1.2,4,0.2,LOW
316,12,4,1.5,4,0.0,HIGH
317,12,3,1.67,3,0.33,LOW
318,12,2,1.5,2,0.0,LOW
319,12,2,1.0,2,0.5,LOW
320,12,2,1.0,2,1.0,LOW
321,12,4,1.25,4,0.25,LOW
322,12,3,1.0,2,0.33,LOW
323,12,3,1.33,3,0.0,LOW
